id,X,Y,M,V
0,0.0,-400.0,50.0,0.4
1,400.0,0.0,100.0,1.0
2,-300.0,-200.0,25.0,0.4
3,200.0,-100.0,150.0,0.4
4,-300.0,-100.0,150.0,0.4
5,-400.0,-100.0,175.0,0.4
6,300.0,0.0,150.0,0.4
7,-300.0,-400.0,50.0,0.6
8,300.0,-100.0,100.0,0.8
9,200.0,-400.0,175.0,0.6
10,400.0,-400.0,50.0,0.8
11,0.0,-400.0,25.0,0.4
12,300.0,-200.0,125.0,0.2
13,-400.0,-200.0,75.0,0.6
14,400.0,0.0,125.0,0.8
15,-300.0,-400.0,125.0,0.6
16,-100.0,-300.0,100.0,0.8
17,-100.0,200.0,125.0,0.6
18,300.0,-300.0,150.0,0.2
19,-400.0,-300.0,50.0,0.8
20,400.0,-200.0,25.0,0.6
21,200.0,200.0,50.0,0.2
22,400.0,200.0,100.0,0.4
23,100.0,300.0,175.0,0.4
24,400.0,-400.0,150.0,0.4
25,-100.0,100.0,50.0,0.2
26,100.0,200.0,150.0,0.2
27,400.0,-400.0,25.0,0.2
28,-100.0,-300.0,150.0,0.4
29,-200.0,-400.0,50.0,0.6
30,-300.0,300.0,150.0,0.2
31,-400.0,400.0,50.0,0.6
32,400.0,300.0,50.0,0.6
33,400.0,-300.0,125.0,0.6
34,-400.0,400.0,75.0,0.4
35,-300.0,-400.0,150.0,0.6
36,0.0,-100.0,125.0,0.8
37,-300.0,0.0,175.0,0.8
38,300.0,-200.0,25.0,0.4
39,200.0,400.0,25.0,0.8
40,-200.0,300.0,75.0,0.6
41,400.0,-200.0,75.0,0.6
42,-100.0,100.0,175.0,1.0
43,-400.0,-300.0,100.0,1.0
44,0.0,200.0,125.0,0.2
45,0.0,-300.0,50.0,0.4
46,-100.0,100.0,175.0,0.8
47,200.0,0.0,100.0,0.4
48,-300.0,400.0,100.0,0.2
49,200.0,-100.0,50.0,0.2
50,-300.0,300.0,100.0,0.8
51,-400.0,300.0,50.0,0.2
52,-200.0,-400.0,175.0,0.8
53,0.0,200.0,100.0,0.8
54,100.0,200.0,75.0,0.6
55,-400.0,200.0,25.0,0.4
56,400.0,100.0,25.0,0.8
57,-300.0,-100.0,100.0,0.8
58,200.0,-200.0,125.0,0.4
59,-200.0,-400.0,175.0,0.4
60,0.0,-300.0,150.0,1.0
61,-200.0,400.0,150.0,0.8
62,400.0,300.0,100.0,0.6
63,200.0,200.0,100.0,0.4
64,-400.0,-100.0,25.0,0.6
65,200.0,100.0,100.0,0.4
66,400.0,-300.0,175.0,0.4
67,300.0,-200.0,100.0,0.2
68,200.0,0.0,50.0,0.8
69,400.0,-300.0,150.0,1.0
70,-100.0,100.0,25.0,1.0
71,-100.0,100.0,75.0,0.6
72,200.0,-300.0,175.0,0.8
73,300.0,-100.0,100.0,0.6
74,-200.0,400.0,25.0,0.2
75,200.0,400.0,125.0,0.4
76,0.0,0.0,175.0,0.6
77,100.0,100.0,125.0,0.8
78,-300.0,400.0,150.0,0.8
79,400.0,-100.0,75.0,0.2
80,-300.0,-300.0,25.0,0.2
81,400.0,100.0,50.0,0.6
82,300.0,0.0,50.0,0.6
83,-400.0,300.0,50.0,0.4
84,-300.0,-400.0,175.0,0.6
85,200.0,-400.0,175.0,0.4
86,-300.0,100.0,25.0,0.2
87,400.0,200.0,25.0,1.0
88,100.0,-300.0,125.0,0.8
89,-200.0,200.0,25.0,0.8
90,0.0,0.0,50.0,0.8
91,-100.0,100.0,150.0,0.4
92,200.0,-400.0,25.0,1.0
93,-400.0,-300.0,125.0,1.0
94,-200.0,200.0,150.0,1.0
95,-400.0,-400.0,100.0,0.8
96,0.0,100.0,150.0,0.6
97,400.0,-100.0,100.0,1.0
98,-100.0,400.0,175.0,0.6
99,-300.0,-200.0,150.0,1.0
100,-100.0,100.0,125.0,0.2
101,-300.0,-200.0,25.0,0.8
102,400.0,200.0,25.0,0.2
103,-300.0,100.0,75.0,1.0
104,-400.0,400.0,100.0,0.6
105,400.0,-400.0,100.0,0.8
106,-200.0,300.0,125.0,0.4
107,200.0,300.0,100.0,0.6
108,-100.0,-100.0,25.0,0.8
109,400.0,-400.0,175.0,0.2
110,0.0,200.0,25.0,0.6
111,0.0,-100.0,175.0,0.4
112,100.0,300.0,175.0,0.8
113,-400.0,400.0,175.0,1.0
114,-300.0,400.0,50.0,0.6
115,300.0,400.0,25.0,0.6
116,-200.0,-100.0,175.0,0.4
117,100.0,-200.0,75.0,0.6
118,-300.0,300.0,25.0,0.8
119,0.0,100.0,50.0,1.0
120,-100.0,400.0,175.0,0.4
121,300.0,100.0,25.0,0.2
122,100.0,100.0,50.0,0.6
123,100.0,400.0,75.0,0.2
124,-300.0,200.0,75.0,0.6
125,-400.0,200.0,175.0,0.6
126,0.0,200.0,75.0,0.8
127,200.0,-100.0,125.0,0.4
128,-200.0,0.0,25.0,0.4
129,100.0,200.0,100.0,1.0
130,300.0,300.0,100.0,1.0
131,200.0,0.0,25.0,1.0
132,300.0,100.0,125.0,0.4
133,400.0,-300.0,75.0,0.2
134,400.0,-300.0,75.0,0.8
135,400.0,-100.0,25.0,0.8
136,300.0,0.0,25.0,0.6
137,-100.0,100.0,100.0,1.0
138,0.0,200.0,75.0,0.4
139,100.0,300.0,125.0,0.4
140,-200.0,100.0,50.0,0.2
141,300.0,-300.0,25.0,0.4
142,200.0,-100.0,150.0,0.6
143,300.0,200.0,50.0,0.2
144,300.0,300.0,50.0,0.4
145,-400.0,400.0,100.0,1.0
146,-200.0,-400.0,100.0,0.8
147,300.0,100.0,25.0,0.6
148,-200.0,400.0,175.0,0.4
149,-400.0,300.0,100.0,1.0
150,100.0,200.0,125.0,0.8
151,-400.0,0.0,100.0,0.2
152,100.0,-100.0,75.0,0.6
153,-100.0,400.0,50.0,0.4
154,-400.0,200.0,150.0,0.2
155,-200.0,100.0,175.0,0.4
156,-100.0,-200.0,100.0,0.2
157,-300.0,-100.0,25.0,0.6
158,-100.0,300.0,25.0,0.6
159,-400.0,-200.0,50.0,0.4
160,100.0,300.0,125.0,0.2
161,-400.0,-300.0,100.0,0.8
162,-400.0,-200.0,100.0,0.6
163,-300.0,-200.0,175.0,0.2
164,300.0,400.0,25.0,0.4
165,400.0,-300.0,100.0,0.6
166,0.0,0.0,150.0,0.6
167,-100.0,-200.0,50.0,1.0
168,-400.0,400.0,100.0,0.8
169,200.0,400.0,75.0,0.2
170,200.0,-400.0,100.0,0.8
171,-400.0,400.0,175.0,0.8
172,100.0,400.0,150.0,0.4
173,-400.0,-100.0,75.0,1.0
174,-400.0,-300.0,125.0,0.8
175,-200.0,300.0,50.0,0.8
176,0.0,-300.0,75.0,0.4
177,-100.0,-100.0,100.0,0.8
178,0.0,300.0,150.0,0.8
179,-100.0,200.0,100.0,0.2
180,-200.0,300.0,75.0,1.0
181,-100.0,0.0,150.0,0.8
182,-200.0,-300.0,25.0,0.2
183,100.0,200.0,100.0,0.4
184,400.0,300.0,25.0,0.8
185,100.0,-100.0,100.0,0.2
186,200.0,-400.0,125.0,0.6
187,200.0,-100.0,175.0,1.0
188,-400.0,100.0,50.0,0.2
189,-300.0,-200.0,50.0,1.0
190,200.0,-100.0,50.0,1.0
191,300.0,200.0,150.0,1.0
192,400.0,300.0,125.0,0.6
193,-300.0,200.0,125.0,0.2
194,100.0,400.0,100.0,0.8
195,-400.0,300.0,50.0,0.8
196,-200.0,200.0,150.0,0.4
197,-400.0,-300.0,150.0,0.8
198,400.0,-400.0,150.0,0.6
199,0.0,100.0,100.0,0.6
200,400.0,-200.0,75.0,0.2
201,400.0,100.0,150.0,0.8
202,-300.0,0.0,175.0,1.0
203,300.0,400.0,150.0,0.6
204,-300.0,300.0,100.0,1.0
205,-400.0,200.0,50.0,0.2
206,100.0,-100.0,25.0,1.0
207,-300.0,300.0,75.0,0.4
208,-300.0,200.0,50.0,0.4
209,300.0,300.0,175.0,0.2
210,400.0,-100.0,50.0,0.4
211,400.0,0.0,50.0,0.6
212,200.0,0.0,50.0,0.6
213,-200.0,400.0,125.0,0.8
214,200.0,0.0,25.0,0.8
215,400.0,100.0,75.0,1.0
216,300.0,-400.0,150.0,0.8
217,300.0,400.0,150.0,0.2
218,-200.0,0.0,150.0,1.0
219,300.0,100.0,75.0,1.0
220,-200.0,400.0,175.0,0.8
221,-200.0,-400.0,25.0,0.2
222,-400.0,-400.0,50.0,0.6
223,100.0,-200.0,50.0,0.8
224,-100.0,-300.0,50.0,0.8
225,0.0,100.0,150.0,0.4
226,-300.0,100.0,100.0,0.4
227,300.0,-200.0,75.0,1.0
228,-300.0,-400.0,75.0,0.4
229,-200.0,-200.0,150.0,1.0
230,400.0,-400.0,175.0,0.4
231,300.0,-300.0,150.0,0.6
232,400.0,200.0,100.0,0.2
233,100.0,100.0,25.0,1.0
234,0.0,0.0,150.0,0.8
235,-300.0,-200.0,25.0,1.0
236,-400.0,-200.0,25.0,1.0
237,300.0,400.0,100.0,0.8
238,0.0,-200.0,125.0,1.0
239,200.0,400.0,25.0,1.0
240,-400.0,-200.0,175.0,0.4
241,400.0,-300.0,25.0,0.2
242,400.0,300.0,125.0,1.0
243,200.0,-100.0,25.0,0.4
244,300.0,-400.0,175.0,0.8
245,400.0,-100.0,150.0,0.2
246,300.0,200.0,100.0,0.4
247,-100.0,-400.0,50.0,1.0
248,-200.0,0.0,175.0,0.8
249,-100.0,100.0,175.0,0.2
250,-200.0,-200.0,125.0,0.8
251,-100.0,0.0,75.0,1.0
252,400.0,300.0,175.0,0.2
253,-100.0,300.0,150.0,0.8
254,-200.0,200.0,150.0,0.2
255,-200.0,400.0,50.0,0.4
256,-100.0,-400.0,175.0,1.0
257,-200.0,-200.0,50.0,0.8
258,400.0,0.0,175.0,0.8
259,200.0,-100.0,175.0,0.8
260,400.0,-200.0,125.0,0.6
261,100.0,200.0,100.0,0.6
262,300.0,300.0,50.0,0.2
263,-400.0,-200.0,125.0,0.8
264,0.0,-400.0,25.0,0.8
265,300.0,300.0,150.0,1.0
266,200.0,-200.0,150.0,0.6
267,-100.0,-300.0,125.0,0.6
268,400.0,400.0,100.0,1.0
269,200.0,200.0,75.0,0.2
270,-400.0,-100.0,150.0,0.8
271,-400.0,-200.0,175.0,0.6
272,200.0,-200.0,75.0,0.6
273,100.0,200.0,150.0,0.8
274,100.0,300.0,75.0,0.4
275,0.0,300.0,175.0,1.0
276,-300.0,-100.0,175.0,0.4
277,0.0,100.0,100.0,0.4
278,-200.0,400.0,125.0,1.0
279,300.0,-400.0,50.0,0.6
280,100.0,-200.0,75.0,1.0
281,-300.0,-400.0,25.0,0.8
282,-200.0,200.0,75.0,0.6
283,-100.0,200.0,100.0,0.4
284,-200.0,0.0,125.0,0.4
285,-400.0,-400.0,25.0,0.4
286,0.0,0.0,50.0,0.4
287,-200.0,-200.0,75.0,0.2
288,200.0,200.0,150.0,0.2
289,-300.0,0.0,25.0,0.6
290,100.0,-300.0,50.0,1.0
291,200.0,-200.0,50.0,0.2
292,-200.0,-200.0,175.0,0.4
293,-200.0,100.0,150.0,0.2
294,-200.0,0.0,100.0,0.2
295,100.0,0.0,125.0,1.0
296,-100.0,200.0,75.0,1.0
297,-400.0,-200.0,125.0,0.4
298,300.0,300.0,100.0,0.8
299,200.0,300.0,100.0,0.8
300,200.0,300.0,150.0,0.8
301,-200.0,-400.0,150.0,0.8
302,-100.0,200.0,125.0,0.4
303,400.0,-200.0,150.0,0.2
304,200.0,200.0,50.0,0.8
305,400.0,-300.0,175.0,0.8
306,300.0,-100.0,150.0,0.8
307,-300.0,-300.0,175.0,1.0
308,0.0,0.0,25.0,0.8
309,100.0,-200.0,125.0,0.4
310,100.0,0.0,50.0,1.0
311,0.0,0.0,75.0,0.2
312,400.0,400.0,175.0,0.2
313,-100.0,100.0,25.0,0.8
314,400.0,400.0,50.0,0.6
315,-100.0,400.0,50.0,0.2
316,-200.0,200.0,100.0,0.4
317,300.0,-200.0,25.0,0.2
318,200.0,-400.0,125.0,0.2
319,200.0,200.0,175.0,0.4
320,400.0,-400.0,50.0,0.2
321,200.0,100.0,150.0,0.8
322,400.0,0.0,25.0,0.6
323,-300.0,400.0,125.0,0.2
324,-300.0,400.0,25.0,0.6
325,-400.0,100.0,125.0,1.0
326,-400.0,400.0,150.0,0.2
327,-300.0,-300.0,150.0,0.6
328,0.0,-200.0,150.0,0.2
329,400.0,-400.0,100.0,1.0
330,-300.0,100.0,150.0,0.8
331,-400.0,400.0,75.0,0.8
332,-100.0,200.0,150.0,0.8
333,-400.0,200.0,125.0,0.4
334,100.0,-400.0,150.0,0.2
335,-400.0,0.0,150.0,1.0
336,-200.0,100.0,75.0,1.0
337,-200.0,-200.0,150.0,0.2
338,100.0,200.0,25.0,0.4
339,-200.0,400.0,150.0,0.2
340,-300.0,400.0,150.0,0.6
341,-400.0,300.0,150.0,0.6
342,0.0,-400.0,25.0,1.0
343,-100.0,300.0,50.0,0.6
344,100.0,400.0,125.0,0.2
345,-300.0,-400.0,100.0,0.4
346,100.0,100.0,25.0,0.8
347,-300.0,200.0,175.0,0.4
348,-300.0,400.0,25.0,0.2
349,200.0,200.0,75.0,0.4
350,400.0,0.0,125.0,0.6
351,300.0,400.0,175.0,0.8
352,200.0,-200.0,150.0,0.8
353,0.0,-200.0,25.0,1.0
354,100.0,100.0,175.0,0.2
355,-200.0,-400.0,150.0,1.0
356,300.0,300.0,100.0,0.4
357,200.0,-200.0,125.0,0.8
358,400.0,-200.0,50.0,1.0
359,-200.0,-300.0,150.0,0.4
360,0.0,-100.0,175.0,1.0
361,-300.0,-400.0,150.0,0.8
362,-400.0,300.0,175.0,0.4
363,-200.0,-100.0,25.0,0.8
364,400.0,100.0,125.0,0.8
365,0.0,200.0,175.0,0.8
366,100.0,-400.0,25.0,0.2
367,-200.0,-300.0,25.0,1.0
368,-300.0,100.0,50.0,0.2
369,400.0,400.0,100.0,0.4
370,100.0,-100.0,125.0,0.6
371,-300.0,200.0,125.0,0.4
372,-300.0,400.0,175.0,0.6
373,-100.0,-300.0,75.0,0.6
374,-100.0,400.0,100.0,0.2
375,200.0,300.0,25.0,0.8
376,0.0,-100.0,25.0,0.8
377,400.0,100.0,50.0,0.4
378,200.0,100.0,125.0,1.0
379,-100.0,100.0,100.0,0.8
380,-100.0,200.0,150.0,1.0
381,-400.0,200.0,100.0,0.6
382,-100.0,400.0,75.0,0.4
383,-100.0,-300.0,75.0,0.8
384,-300.0,400.0,175.0,0.4
385,100.0,0.0,100.0,0.2
386,-400.0,-200.0,150.0,0.2
387,-300.0,-200.0,100.0,0.6
388,400.0,0.0,75.0,1.0
389,0.0,300.0,125.0,0.8
390,100.0,-100.0,25.0,0.8
391,-100.0,400.0,125.0,0.2
392,200.0,-400.0,100.0,0.2
393,400.0,100.0,25.0,0.4
394,300.0,-100.0,150.0,1.0
395,200.0,-300.0,50.0,0.2
396,-100.0,-100.0,175.0,0.6
397,-300.0,400.0,175.0,0.2
398,-100.0,-200.0,75.0,0.2
399,0.0,-200.0,25.0,0.6
400,-100.0,-200.0,100.0,0.8
401,-100.0,300.0,25.0,0.4
402,400.0,300.0,175.0,0.6
403,100.0,400.0,25.0,0.2
404,-100.0,-400.0,25.0,0.8
405,100.0,-300.0,150.0,0.8
406,-300.0,-100.0,25.0,0.2
407,400.0,400.0,150.0,0.4
408,100.0,200.0,100.0,0.8
409,200.0,-100.0,75.0,0.2
410,400.0,-300.0,125.0,0.8
411,100.0,-300.0,100.0,0.2
412,200.0,200.0,100.0,0.2
413,100.0,-400.0,100.0,0.8
414,0.0,-100.0,25.0,0.2
415,200.0,200.0,25.0,0.6
416,-200.0,-400.0,150.0,0.2
417,-400.0,0.0,175.0,0.2
418,-100.0,300.0,125.0,0.8
419,100.0,100.0,25.0,0.4
420,100.0,-400.0,100.0,1.0
421,-400.0,0.0,50.0,0.8
422,-100.0,300.0,175.0,0.8
423,100.0,400.0,75.0,0.6
424,-400.0,-300.0,125.0,0.4
425,-300.0,400.0,75.0,0.4
426,300.0,100.0,25.0,0.4
427,-400.0,-100.0,50.0,0.6
428,400.0,-100.0,125.0,0.2
429,400.0,200.0,50.0,0.2
430,-400.0,400.0,75.0,0.2
431,-200.0,-300.0,50.0,0.4
432,-300.0,0.0,75.0,0.4
433,200.0,-100.0,175.0,0.6
434,400.0,300.0,25.0,1.0
435,-100.0,100.0,100.0,0.4
436,-200.0,200.0,50.0,1.0
437,-200.0,200.0,150.0,0.8
438,300.0,200.0,50.0,0.6
439,100.0,-200.0,25.0,1.0
440,0.0,0.0,100.0,1.0
441,-100.0,-100.0,175.0,0.4
442,-100.0,-400.0,25.0,0.4
443,-100.0,200.0,150.0,0.2
444,100.0,0.0,100.0,0.8
445,-200.0,300.0,75.0,0.4
446,-400.0,-200.0,150.0,0.8
447,-100.0,-300.0,100.0,0.6
448,400.0,400.0,50.0,0.2
449,100.0,-400.0,75.0,0.4
450,-200.0,-100.0,50.0,0.2
451,-100.0,400.0,75.0,0.2
452,200.0,300.0,50.0,0.4
453,300.0,-100.0,25.0,0.2
454,0.0,-400.0,75.0,0.4
455,100.0,-200.0,150.0,0.2
456,-300.0,200.0,175.0,0.2
457,-400.0,0.0,175.0,0.8
458,-300.0,200.0,150.0,1.0
459,-100.0,200.0,150.0,0.6
460,400.0,300.0,75.0,0.8
461,-400.0,-300.0,50.0,0.2
462,200.0,200.0,75.0,1.0
463,300.0,-400.0,100.0,0.2
464,400.0,400.0,75.0,1.0
465,200.0,400.0,175.0,1.0
466,-200.0,-100.0,125.0,0.2
467,100.0,-400.0,125.0,0.8
468,400.0,300.0,175.0,0.8
469,0.0,-300.0,150.0,0.6
470,100.0,-200.0,100.0,0.2
471,400.0,200.0,150.0,1.0
472,-400.0,100.0,100.0,0.4
473,-200.0,100.0,75.0,0.6
474,-400.0,-100.0,175.0,0.6
475,300.0,-100.0,150.0,0.2
476,100.0,200.0,175.0,0.6
477,100.0,200.0,50.0,0.6
478,-400.0,-200.0,150.0,0.6
479,400.0,-100.0,175.0,0.4
480,-100.0,100.0,25.0,0.2
481,-400.0,400.0,125.0,0.4
482,100.0,400.0,75.0,0.8
483,300.0,200.0,175.0,0.4
484,200.0,400.0,100.0,0.4
485,-100.0,200.0,175.0,0.8
486,-400.0,0.0,25.0,0.2
487,-400.0,200.0,25.0,0.6
488,0.0,200.0,125.0,0.4
489,-300.0,-400.0,50.0,0.8
490,0.0,0.0,50.0,1.0
491,-100.0,100.0,150.0,0.8
492,100.0,300.0,125.0,0.6
493,400.0,0.0,25.0,1.0
494,200.0,300.0,25.0,0.6
495,-100.0,400.0,25.0,0.4
496,200.0,-100.0,75.0,0.4
497,400.0,100.0,150.0,0.6
498,200.0,0.0,150.0,0.4
499,100.0,300.0,25.0,1.0
500,400.0,400.0,175.0,0.6
501,400.0,-400.0,50.0,0.6
502,-200.0,-300.0,125.0,0.6
503,-400.0,100.0,150.0,0.8
504,0.0,0.0,150.0,0.4
505,400.0,-200.0,175.0,0.4
506,-300.0,400.0,100.0,1.0
507,-100.0,100.0,125.0,1.0
508,400.0,300.0,150.0,0.6
509,400.0,-100.0,100.0,0.8
510,-400.0,-400.0,25.0,0.6
511,-100.0,100.0,75.0,0.8
512,-100.0,-100.0,175.0,0.2
513,0.0,-400.0,125.0,1.0
514,400.0,-200.0,125.0,0.2
515,-400.0,200.0,150.0,1.0
516,0.0,-400.0,75.0,1.0
517,-200.0,-100.0,100.0,0.4
518,-200.0,100.0,150.0,0.4
519,0.0,0.0,100.0,0.4
520,-300.0,-400.0,125.0,0.2
521,300.0,100.0,75.0,0.6
522,100.0,200.0,125.0,0.2
523,100.0,0.0,175.0,0.4
524,-300.0,-200.0,100.0,0.8
525,0.0,300.0,100.0,0.2
526,300.0,0.0,25.0,1.0
527,400.0,200.0,50.0,0.6
528,-100.0,-200.0,150.0,0.6
529,-300.0,-200.0,100.0,0.4
530,-300.0,100.0,25.0,1.0
531,-300.0,-400.0,100.0,0.6
532,100.0,-300.0,150.0,0.2
533,-400.0,-300.0,150.0,1.0
534,200.0,-300.0,125.0,1.0
535,300.0,300.0,150.0,0.8
536,-100.0,0.0,150.0,0.2
537,-300.0,-200.0,175.0,1.0
538,-200.0,300.0,50.0,0.2
539,-200.0,300.0,100.0,0.4
540,-200.0,-400.0,50.0,1.0
541,-200.0,400.0,75.0,0.2
542,400.0,400.0,25.0,0.8
543,0.0,300.0,25.0,0.6
544,-200.0,-200.0,75.0,0.4
545,-100.0,0.0,50.0,0.6
546,-200.0,300.0,25.0,0.2
547,300.0,400.0,25.0,1.0
548,-400.0,400.0,25.0,0.6
549,-100.0,400.0,150.0,0.8
550,-200.0,-400.0,175.0,0.2
551,0.0,200.0,150.0,0.2
552,-100.0,-400.0,125.0,0.4
553,300.0,-300.0,75.0,0.6
554,100.0,100.0,175.0,0.4
555,0.0,-200.0,125.0,0.6
556,0.0,-300.0,100.0,0.4
557,200.0,400.0,75.0,0.4
558,-300.0,-300.0,100.0,0.4
559,300.0,100.0,175.0,0.4
560,-400.0,200.0,175.0,0.4
561,-300.0,400.0,175.0,0.8
562,-200.0,100.0,125.0,1.0
563,-100.0,300.0,100.0,0.8
564,-300.0,300.0,125.0,0.2
565,200.0,-400.0,150.0,1.0
566,-400.0,-400.0,75.0,0.2
567,100.0,-100.0,175.0,0.2
568,-400.0,-300.0,175.0,0.2
569,200.0,300.0,50.0,0.8
570,-200.0,200.0,75.0,0.2
571,300.0,400.0,125.0,0.4
572,400.0,-300.0,50.0,0.8
573,200.0,100.0,75.0,0.2
574,0.0,0.0,125.0,1.0
575,300.0,-100.0,175.0,0.2
576,-300.0,-100.0,100.0,0.4
577,200.0,200.0,125.0,0.8
578,-400.0,-400.0,100.0,1.0
579,-100.0,0.0,75.0,0.4
580,300.0,-400.0,25.0,0.8
581,-200.0,100.0,175.0,0.8
582,-200.0,-400.0,100.0,0.4
583,-200.0,400.0,100.0,0.2
584,-400.0,200.0,50.0,0.8
585,200.0,-300.0,175.0,0.2
586,100.0,-300.0,150.0,0.4
587,-400.0,-200.0,25.0,0.6
588,-100.0,-200.0,100.0,0.6
589,100.0,300.0,150.0,0.8
590,300.0,-100.0,125.0,0.8
591,400.0,-200.0,125.0,0.8
592,200.0,-100.0,50.0,0.8
593,-300.0,-300.0,25.0,1.0
594,200.0,-200.0,75.0,0.4
595,300.0,-400.0,125.0,0.6
596,0.0,-100.0,50.0,0.4
597,0.0,-100.0,150.0,1.0
598,-100.0,0.0,150.0,0.6
599,300.0,-200.0,125.0,0.6
600,400.0,-400.0,175.0,1.0
601,0.0,-400.0,75.0,0.6
602,0.0,-400.0,75.0,0.8
603,-400.0,-300.0,125.0,0.6
604,100.0,0.0,150.0,0.4
605,100.0,400.0,25.0,0.4
606,100.0,300.0,25.0,0.2
607,-400.0,200.0,50.0,1.0
608,300.0,-300.0,50.0,0.6
609,-200.0,-400.0,175.0,1.0
610,400.0,300.0,125.0,0.2
611,-300.0,400.0,75.0,0.6
612,-300.0,100.0,175.0,0.2
613,0.0,0.0,50.0,0.2
614,100.0,-100.0,50.0,0.8
615,-200.0,0.0,100.0,0.6
616,100.0,300.0,100.0,0.6
617,300.0,-100.0,100.0,1.0
618,100.0,100.0,175.0,1.0
619,-200.0,-200.0,125.0,1.0
620,400.0,100.0,125.0,0.2
621,-400.0,-400.0,100.0,0.4
622,200.0,-300.0,150.0,1.0
623,0.0,-300.0,150.0,0.8
624,200.0,200.0,25.0,0.4
625,-400.0,-200.0,175.0,0.8
626,200.0,-200.0,50.0,0.8
627,-200.0,-300.0,100.0,0.4
628,-100.0,300.0,175.0,0.2
629,-400.0,-300.0,50.0,0.4
630,100.0,400.0,150.0,0.8
631,300.0,-200.0,50.0,0.6
632,-200.0,300.0,100.0,0.2
633,-200.0,0.0,150.0,0.2
634,100.0,-100.0,100.0,0.8
635,100.0,0.0,125.0,0.8
636,-200.0,0.0,100.0,0.8
637,400.0,300.0,175.0,1.0
638,400.0,200.0,25.0,0.4
639,0.0,100.0,50.0,0.4
640,-100.0,-400.0,100.0,0.8
641,-200.0,300.0,150.0,0.8
642,-300.0,-400.0,175.0,0.2
643,-300.0,-400.0,75.0,0.6
644,400.0,300.0,150.0,0.8
645,200.0,100.0,75.0,0.8
646,-100.0,100.0,75.0,0.4
647,-200.0,-100.0,150.0,0.6
648,300.0,-100.0,75.0,0.6
649,300.0,-200.0,100.0,1.0
650,400.0,400.0,175.0,0.8
651,-100.0,-400.0,75.0,1.0
652,-300.0,-100.0,125.0,0.2
653,300.0,-200.0,75.0,0.4
654,-100.0,-100.0,25.0,1.0
655,-100.0,300.0,75.0,1.0
656,-300.0,-100.0,50.0,0.6
657,-400.0,200.0,50.0,0.4
658,0.0,200.0,150.0,0.6
659,-400.0,-100.0,150.0,1.0
660,-300.0,300.0,50.0,0.2
661,-400.0,-400.0,150.0,0.6
662,-300.0,300.0,150.0,0.6
663,-300.0,-100.0,50.0,0.4
664,300.0,400.0,125.0,0.6
665,100.0,-100.0,150.0,0.8
666,-300.0,0.0,175.0,0.2
667,0.0,200.0,50.0,0.4
668,0.0,0.0,175.0,0.4
669,300.0,-100.0,50.0,0.6
670,-300.0,200.0,50.0,0.6
671,300.0,-300.0,175.0,0.8
672,200.0,-400.0,75.0,0.8
673,-300.0,0.0,150.0,1.0
674,200.0,-400.0,50.0,0.2
675,100.0,200.0,125.0,0.4
676,300.0,0.0,125.0,0.2
677,100.0,-100.0,175.0,0.6
678,-400.0,-100.0,25.0,0.4
679,-300.0,-200.0,25.0,0.2
680,-300.0,-300.0,175.0,0.6
681,100.0,400.0,75.0,0.4
682,-100.0,100.0,125.0,0.4
683,-200.0,200.0,25.0,1.0
684,300.0,300.0,25.0,0.6
685,-200.0,-400.0,125.0,0.2
686,100.0,100.0,50.0,0.4
687,100.0,-300.0,175.0,0.8
688,-300.0,-300.0,25.0,0.6
689,200.0,300.0,125.0,0.6
690,200.0,-300.0,100.0,1.0
691,300.0,0.0,125.0,0.4
692,400.0,100.0,175.0,0.2
693,300.0,200.0,75.0,0.6
694,300.0,100.0,75.0,0.2
695,100.0,-300.0,125.0,1.0
696,-400.0,200.0,125.0,0.8
697,400.0,300.0,25.0,0.6
698,-200.0,200.0,25.0,0.6
699,400.0,-200.0,75.0,1.0
700,-100.0,-100.0,125.0,0.8
701,-400.0,0.0,100.0,0.6
702,-100.0,200.0,50.0,1.0
703,-100.0,-100.0,50.0,0.8
704,300.0,-300.0,100.0,0.8
705,100.0,-400.0,25.0,1.0
706,-100.0,-400.0,150.0,0.2
707,300.0,-300.0,125.0,0.8
708,300.0,-400.0,175.0,0.2
709,0.0,100.0,100.0,0.2
710,300.0,300.0,125.0,0.4
711,100.0,-400.0,75.0,0.6
712,400.0,-200.0,100.0,0.2
713,-100.0,-200.0,125.0,0.4
714,200.0,-400.0,50.0,0.6
715,0.0,-200.0,50.0,1.0
716,200.0,-200.0,125.0,0.6
717,200.0,200.0,150.0,1.0
718,100.0,200.0,75.0,1.0
719,0.0,-400.0,150.0,1.0
720,200.0,100.0,150.0,1.0
721,400.0,-400.0,25.0,1.0
722,100.0,-200.0,175.0,0.2
723,0.0,-300.0,125.0,0.6
724,200.0,0.0,125.0,0.2
725,0.0,0.0,25.0,0.2
726,100.0,-100.0,125.0,0.4
727,0.0,-100.0,125.0,0.6
728,-400.0,-400.0,75.0,0.4
729,100.0,400.0,50.0,0.4
730,-200.0,-300.0,25.0,0.8
731,-400.0,200.0,125.0,0.6
732,-400.0,-300.0,25.0,0.6
733,100.0,-400.0,25.0,0.6
734,-400.0,300.0,150.0,1.0
735,400.0,100.0,25.0,0.2
736,-400.0,-400.0,25.0,0.2
737,300.0,300.0,175.0,0.6
738,0.0,-400.0,150.0,0.8
739,-300.0,100.0,150.0,0.6
740,-400.0,-400.0,175.0,0.6
741,-100.0,-400.0,125.0,0.6
742,300.0,-100.0,25.0,0.4
743,100.0,-300.0,50.0,0.4
744,400.0,-400.0,150.0,0.8
745,400.0,-200.0,75.0,0.4
746,400.0,-100.0,100.0,0.6
747,0.0,-100.0,125.0,0.4
748,0.0,-400.0,125.0,0.4
749,-200.0,0.0,100.0,0.4
750,200.0,100.0,100.0,0.8
751,-100.0,400.0,175.0,0.8
752,-300.0,200.0,75.0,0.2
753,200.0,300.0,125.0,0.4
754,200.0,300.0,100.0,0.4
755,300.0,-300.0,175.0,0.2
756,-300.0,-400.0,75.0,1.0
757,0.0,300.0,75.0,0.6
758,-100.0,400.0,100.0,1.0
759,-200.0,-400.0,25.0,0.6
760,400.0,200.0,175.0,0.4
761,300.0,300.0,125.0,0.8
762,200.0,-300.0,150.0,0.4
763,-400.0,300.0,175.0,1.0
764,400.0,-400.0,125.0,0.2
765,300.0,-400.0,175.0,1.0
766,-400.0,-100.0,50.0,0.8
767,200.0,400.0,75.0,1.0
768,200.0,-300.0,175.0,0.6
769,400.0,-100.0,50.0,0.2
770,200.0,400.0,75.0,0.6
771,300.0,0.0,175.0,0.4
772,-200.0,400.0,75.0,0.6
773,-200.0,-300.0,125.0,0.8
774,-100.0,400.0,125.0,1.0
775,400.0,200.0,125.0,0.8
776,100.0,-100.0,175.0,0.8
777,200.0,-300.0,25.0,0.4
778,-300.0,-400.0,50.0,0.2
779,400.0,-200.0,150.0,1.0
780,-400.0,-200.0,75.0,0.4
781,0.0,200.0,100.0,0.6
782,100.0,400.0,175.0,0.4
783,-300.0,0.0,125.0,0.4
784,0.0,-100.0,100.0,0.8
785,-200.0,-200.0,50.0,0.4
786,-300.0,-400.0,25.0,0.4
787,-100.0,200.0,25.0,0.4
788,-200.0,-400.0,150.0,0.6
789,200.0,100.0,50.0,0.8
790,300.0,400.0,100.0,0.6
791,-300.0,400.0,100.0,0.4
792,400.0,0.0,150.0,0.2
793,200.0,200.0,150.0,0.8
794,300.0,0.0,125.0,1.0
795,-200.0,-200.0,150.0,0.8
796,-400.0,0.0,50.0,1.0
797,0.0,-200.0,175.0,1.0
798,100.0,100.0,150.0,0.4
799,300.0,300.0,75.0,0.2
800,0.0,200.0,175.0,0.2
801,100.0,200.0,125.0,0.6
802,-100.0,200.0,25.0,0.6
803,-100.0,300.0,100.0,0.6
804,-400.0,-100.0,175.0,0.8
805,100.0,-300.0,50.0,0.2
806,0.0,0.0,100.0,0.8
807,-200.0,-200.0,100.0,0.4
808,100.0,0.0,75.0,0.6
809,200.0,200.0,75.0,0.8
810,-300.0,100.0,175.0,1.0
811,0.0,-400.0,100.0,0.6
812,-400.0,-100.0,150.0,0.2
813,100.0,-200.0,50.0,0.4
814,-400.0,-300.0,25.0,0.4
815,-300.0,200.0,25.0,1.0
816,-200.0,400.0,25.0,0.4
817,-300.0,0.0,100.0,0.8
818,200.0,-200.0,100.0,0.2
819,100.0,300.0,100.0,1.0
820,200.0,-400.0,100.0,0.4
821,300.0,200.0,175.0,0.8
822,400.0,-100.0,25.0,0.2
823,-100.0,100.0,50.0,0.8
824,400.0,400.0,175.0,1.0
825,200.0,-400.0,125.0,1.0
826,-100.0,0.0,100.0,0.2
827,-400.0,0.0,75.0,0.2
828,400.0,-200.0,100.0,0.6
829,300.0,100.0,75.0,0.8
830,-400.0,0.0,25.0,1.0
831,-400.0,100.0,100.0,0.8
832,-300.0,400.0,125.0,0.8
833,-200.0,-200.0,175.0,0.8
834,300.0,-400.0,150.0,0.4
835,100.0,-100.0,25.0,0.2
836,-400.0,-100.0,100.0,0.2
837,200.0,300.0,150.0,0.2
838,-400.0,0.0,75.0,0.6
839,400.0,300.0,75.0,0.6
840,-300.0,200.0,175.0,1.0
841,-100.0,-300.0,25.0,1.0
842,-200.0,300.0,125.0,1.0
843,0.0,-200.0,50.0,0.6
844,-200.0,300.0,175.0,1.0
845,-200.0,-300.0,175.0,0.6
846,-200.0,0.0,75.0,1.0
847,300.0,200.0,125.0,0.2
848,100.0,-300.0,50.0,0.8
849,300.0,-300.0,50.0,0.2
850,300.0,-400.0,25.0,0.2
851,300.0,-100.0,75.0,0.4
852,-200.0,400.0,50.0,0.8
853,200.0,-300.0,75.0,1.0
854,300.0,-400.0,75.0,0.4
855,200.0,400.0,175.0,0.4
856,300.0,100.0,50.0,0.8
857,-100.0,200.0,50.0,0.2
858,0.0,-300.0,175.0,0.4
859,400.0,-400.0,125.0,0.4
860,300.0,-400.0,150.0,0.2
861,-200.0,-300.0,175.0,0.8
862,-300.0,-100.0,75.0,0.2
863,0.0,200.0,50.0,0.6
864,-200.0,100.0,150.0,0.6
865,400.0,-100.0,100.0,0.2
866,-300.0,200.0,150.0,0.8
867,-100.0,300.0,75.0,0.2
868,0.0,100.0,25.0,0.8
869,200.0,300.0,125.0,1.0
870,-400.0,0.0,150.0,0.2
871,300.0,-200.0,100.0,0.4
872,-200.0,0.0,150.0,0.4
873,-200.0,100.0,50.0,0.8
874,-100.0,200.0,50.0,0.8
875,300.0,400.0,50.0,0.6
876,100.0,-200.0,25.0,0.2
877,-200.0,400.0,125.0,0.6
878,-400.0,100.0,175.0,1.0
879,0.0,-200.0,150.0,0.8
880,200.0,400.0,25.0,0.4
881,100.0,-100.0,25.0,0.4
882,-400.0,-400.0,50.0,0.4
883,-200.0,300.0,175.0,0.8
884,-200.0,-400.0,75.0,0.4
885,100.0,300.0,75.0,0.2
886,-200.0,-300.0,150.0,0.6
887,300.0,0.0,175.0,0.8
888,300.0,0.0,25.0,0.2
889,-100.0,-100.0,25.0,0.4
890,-400.0,-300.0,25.0,0.8
891,-200.0,-300.0,50.0,1.0
892,200.0,-300.0,75.0,0.2
893,0.0,-400.0,150.0,0.4
894,-200.0,-400.0,50.0,0.8
895,-100.0,200.0,100.0,0.8
896,200.0,-400.0,25.0,0.4
897,-200.0,400.0,50.0,0.6
898,-400.0,-200.0,25.0,0.2
899,300.0,0.0,125.0,0.6
900,200.0,-300.0,25.0,1.0
901,-100.0,0.0,75.0,0.2
902,-300.0,200.0,50.0,1.0
903,-400.0,-400.0,75.0,0.6
904,400.0,-400.0,150.0,1.0
905,-100.0,-100.0,50.0,0.4
906,400.0,200.0,50.0,0.8
907,-300.0,300.0,75.0,0.6
908,100.0,-300.0,25.0,0.6
909,200.0,-100.0,50.0,0.6
910,300.0,-300.0,75.0,0.2
911,0.0,-100.0,100.0,1.0
912,100.0,0.0,125.0,0.2
913,-400.0,0.0,125.0,0.2
914,-200.0,300.0,175.0,0.2
915,400.0,100.0,150.0,1.0
916,-100.0,200.0,25.0,1.0
917,-300.0,0.0,25.0,1.0
918,-300.0,100.0,50.0,0.4
919,-200.0,100.0,125.0,0.8
920,300.0,200.0,175.0,1.0
921,200.0,-200.0,175.0,0.8
922,-400.0,-100.0,125.0,1.0
923,-200.0,400.0,100.0,0.8
924,-200.0,-200.0,50.0,0.6
925,400.0,-300.0,100.0,0.8
926,-300.0,-200.0,50.0,0.6
927,100.0,100.0,75.0,1.0
928,300.0,-100.0,100.0,0.4
929,-400.0,100.0,50.0,0.8
930,0.0,-200.0,25.0,0.2
931,-400.0,300.0,25.0,0.6
932,300.0,-300.0,25.0,0.2
933,400.0,-300.0,125.0,0.2
934,-100.0,-400.0,150.0,0.8
935,-100.0,-100.0,150.0,0.2
936,300.0,400.0,50.0,0.2
937,300.0,200.0,125.0,0.8
938,-100.0,-300.0,175.0,0.6
939,0.0,0.0,75.0,0.4
940,300.0,200.0,100.0,1.0
941,100.0,100.0,150.0,0.2
942,-300.0,-400.0,150.0,1.0
943,0.0,-100.0,25.0,0.6
944,-100.0,300.0,50.0,0.8
945,300.0,200.0,150.0,0.8
946,-200.0,200.0,100.0,0.2
947,100.0,400.0,25.0,0.6
948,-300.0,-100.0,50.0,1.0
949,-200.0,400.0,175.0,0.2
950,200.0,-100.0,175.0,0.4
951,-300.0,-300.0,150.0,1.0
952,400.0,0.0,25.0,0.4
953,-400.0,300.0,50.0,0.6
954,-300.0,-300.0,150.0,0.8
955,300.0,-300.0,100.0,1.0
956,-200.0,200.0,100.0,1.0
957,100.0,-400.0,75.0,1.0
958,-400.0,-100.0,150.0,0.6
959,-400.0,100.0,25.0,0.8
960,-300.0,-100.0,175.0,1.0
961,200.0,-300.0,100.0,0.6
962,100.0,-300.0,75.0,1.0
963,200.0,-100.0,175.0,0.2
964,-100.0,0.0,150.0,0.4
965,100.0,300.0,175.0,1.0
966,0.0,100.0,100.0,0.8
967,300.0,-100.0,25.0,1.0
968,300.0,100.0,150.0,0.2
969,-200.0,-300.0,75.0,0.4
970,-200.0,-300.0,75.0,1.0
971,100.0,300.0,50.0,0.2
972,-400.0,300.0,175.0,0.8
973,-200.0,0.0,50.0,0.6
974,400.0,300.0,75.0,0.2
975,-200.0,-300.0,150.0,1.0
976,200.0,300.0,150.0,0.6
977,-200.0,-300.0,100.0,0.6
978,100.0,300.0,125.0,1.0
979,200.0,0.0,75.0,0.4
980,-100.0,200.0,75.0,0.2
981,0.0,-100.0,125.0,0.2
982,-200.0,300.0,125.0,0.8
983,100.0,-200.0,125.0,0.2
984,400.0,0.0,175.0,0.2
985,100.0,0.0,175.0,0.2
986,400.0,400.0,25.0,0.6
987,400.0,-200.0,50.0,0.2
988,0.0,-200.0,25.0,0.4
989,-200.0,200.0,25.0,0.2
990,-400.0,-300.0,25.0,0.2
991,400.0,200.0,175.0,1.0
992,0.0,-300.0,150.0,0.4
993,200.0,100.0,50.0,0.2
994,100.0,-100.0,50.0,1.0
995,-100.0,0.0,25.0,0.6
996,300.0,0.0,100.0,0.2
997,300.0,100.0,50.0,0.4
998,300.0,-300.0,125.0,0.2
999,400.0,100.0,125.0,1.0
1000,200.0,-300.0,25.0,0.6
1001,-300.0,200.0,175.0,0.8
1002,100.0,200.0,25.0,0.8
1003,200.0,400.0,125.0,0.2
1004,-400.0,0.0,125.0,1.0
1005,-300.0,100.0,175.0,0.4
1006,100.0,-300.0,75.0,0.6
1007,100.0,-100.0,150.0,0.4
1008,-200.0,-100.0,50.0,0.8
1009,300.0,400.0,75.0,1.0
1010,200.0,400.0,50.0,0.4
1011,400.0,0.0,100.0,0.6
1012,200.0,400.0,50.0,0.8
1013,100.0,200.0,50.0,0.4
1014,100.0,-300.0,25.0,1.0
1015,300.0,0.0,75.0,0.8
1016,-200.0,-200.0,175.0,0.2
1017,300.0,-100.0,50.0,0.8
1018,300.0,-400.0,125.0,1.0
1019,-100.0,-400.0,75.0,0.8
1020,400.0,200.0,50.0,0.4
1021,100.0,400.0,50.0,0.8
1022,-100.0,200.0,25.0,0.8
1023,0.0,-300.0,50.0,0.8
1024,0.0,200.0,125.0,1.0
1025,200.0,-200.0,175.0,0.6
1026,300.0,100.0,75.0,0.4
1027,400.0,-300.0,100.0,0.4
1028,-300.0,200.0,75.0,0.4
1029,0.0,-400.0,100.0,0.4
1030,-100.0,0.0,175.0,0.2
1031,-400.0,-100.0,100.0,1.0
1032,-400.0,100.0,75.0,0.4
1033,200.0,-200.0,175.0,0.4
1034,-100.0,-200.0,50.0,0.8
1035,-200.0,-100.0,25.0,1.0
1036,-300.0,-300.0,75.0,0.4
1037,0.0,0.0,175.0,0.8
1038,100.0,0.0,125.0,0.4
1039,0.0,-100.0,75.0,0.2
1040,-300.0,-300.0,150.0,0.2
1041,-200.0,-400.0,125.0,0.4
1042,-300.0,-400.0,75.0,0.8
1043,-200.0,200.0,50.0,0.4
1044,-300.0,200.0,100.0,0.2
1045,200.0,-200.0,175.0,0.2
1046,-400.0,0.0,175.0,0.6
1047,0.0,100.0,175.0,0.8
1048,200.0,0.0,125.0,0.6
1049,-300.0,0.0,125.0,0.8
1050,-200.0,400.0,150.0,0.4
1051,-300.0,-100.0,75.0,1.0
1052,-400.0,300.0,100.0,0.2
1053,0.0,0.0,75.0,0.8
1054,400.0,-100.0,75.0,0.8
1055,-400.0,300.0,25.0,0.4
1056,200.0,100.0,175.0,0.2
1057,-400.0,300.0,125.0,0.4
1058,200.0,100.0,100.0,0.2
1059,-300.0,-300.0,125.0,0.6
1060,-300.0,-400.0,175.0,1.0
1061,-100.0,200.0,25.0,0.2
1062,-400.0,-300.0,175.0,0.4
1063,300.0,-100.0,25.0,0.6
1064,100.0,200.0,150.0,0.6
1065,-300.0,200.0,100.0,0.4
1066,300.0,200.0,25.0,0.8
1067,-300.0,-200.0,75.0,0.6
1068,100.0,0.0,150.0,0.2
1069,300.0,-100.0,125.0,0.2
1070,100.0,200.0,25.0,0.6
1071,100.0,300.0,75.0,0.8
1072,-100.0,200.0,100.0,1.0
1073,-300.0,300.0,150.0,0.4
1074,-300.0,100.0,100.0,0.2
1075,400.0,0.0,150.0,0.6
1076,200.0,200.0,175.0,1.0
1077,-300.0,0.0,75.0,0.8
1078,-100.0,400.0,175.0,0.2
1079,-100.0,-300.0,50.0,1.0
1080,-100.0,200.0,125.0,0.8
1081,200.0,0.0,50.0,0.2
1082,300.0,0.0,50.0,0.4
1083,0.0,300.0,75.0,0.4
1084,-200.0,300.0,125.0,0.2
1085,-200.0,0.0,75.0,0.2
1086,-400.0,-100.0,50.0,0.4
1087,-100.0,-200.0,125.0,1.0
1088,-300.0,-400.0,50.0,0.4
1089,100.0,-400.0,50.0,0.6
1090,200.0,100.0,50.0,0.4
1091,-200.0,100.0,50.0,0.4
1092,-100.0,0.0,100.0,0.4
1093,400.0,-100.0,50.0,1.0
1094,-400.0,-200.0,125.0,0.2
1095,300.0,-200.0,50.0,0.4
1096,0.0,200.0,150.0,1.0
1097,300.0,-100.0,175.0,1.0
1098,-300.0,0.0,150.0,0.4
1099,400.0,-300.0,25.0,0.4
1100,-200.0,100.0,150.0,0.8
1101,-400.0,0.0,75.0,0.4
1102,-300.0,300.0,125.0,0.8
1103,-400.0,300.0,125.0,0.2
1104,400.0,100.0,75.0,0.2
1105,300.0,100.0,25.0,0.8
1106,100.0,0.0,25.0,1.0
1107,400.0,0.0,175.0,1.0
1108,-300.0,100.0,150.0,1.0
1109,-400.0,0.0,125.0,0.6
1110,100.0,-200.0,25.0,0.6
1111,-400.0,100.0,125.0,0.4
1112,300.0,0.0,100.0,1.0
1113,100.0,-400.0,175.0,1.0
1114,400.0,0.0,150.0,1.0
1115,-300.0,-200.0,175.0,0.4
1116,-300.0,300.0,175.0,0.8
1117,-300.0,200.0,175.0,0.6
1118,400.0,-400.0,125.0,0.8
1119,-300.0,0.0,125.0,0.6
1120,400.0,-400.0,100.0,0.6
1121,0.0,-200.0,100.0,0.6
1122,-100.0,200.0,175.0,1.0
1123,-100.0,-300.0,50.0,0.4
1124,0.0,-300.0,100.0,0.8
1125,200.0,-100.0,75.0,1.0
1126,-400.0,-300.0,50.0,1.0
1127,-300.0,-100.0,75.0,0.6
1128,200.0,-300.0,125.0,0.6
1129,100.0,300.0,175.0,0.2
1130,-100.0,400.0,25.0,1.0
1131,-200.0,-200.0,100.0,0.6
1132,300.0,-300.0,75.0,0.4
1133,-100.0,-100.0,150.0,0.4
1134,400.0,100.0,25.0,1.0
1135,-400.0,200.0,75.0,0.8
1136,0.0,-300.0,125.0,0.8
1137,400.0,200.0,125.0,1.0
1138,200.0,-300.0,150.0,0.2
1139,-400.0,-100.0,100.0,0.8
1140,200.0,100.0,75.0,1.0
1141,-200.0,-100.0,25.0,0.2
1142,100.0,-200.0,75.0,0.4
1143,100.0,-400.0,125.0,0.2
1144,300.0,400.0,150.0,0.4
1145,0.0,100.0,150.0,0.2
1146,400.0,400.0,25.0,0.2
1147,-200.0,300.0,175.0,0.4
1148,-200.0,100.0,100.0,0.6
1149,-200.0,0.0,125.0,0.8
1150,-400.0,300.0,75.0,0.4
1151,0.0,-200.0,50.0,0.8
1152,-400.0,-200.0,125.0,1.0
1153,-100.0,-200.0,150.0,0.8
1154,-300.0,-200.0,125.0,0.6
1155,0.0,100.0,75.0,1.0
1156,-200.0,-100.0,150.0,0.2
1157,0.0,-100.0,175.0,0.6
1158,400.0,200.0,100.0,1.0
1159,-100.0,400.0,25.0,0.2
1160,-400.0,100.0,100.0,0.6
1161,300.0,-200.0,150.0,0.2
1162,-400.0,300.0,75.0,0.8
1163,0.0,300.0,50.0,0.4
1164,200.0,200.0,25.0,0.8
1165,-100.0,-300.0,125.0,0.2
1166,100.0,100.0,100.0,0.8
1167,0.0,200.0,50.0,0.2
1168,-200.0,-100.0,100.0,0.2
1169,-100.0,-200.0,75.0,0.6
1170,300.0,-400.0,75.0,0.8
1171,-100.0,100.0,50.0,0.4
1172,100.0,-400.0,50.0,0.2
1173,200.0,300.0,75.0,0.4
1174,-400.0,200.0,50.0,0.6
1175,-100.0,100.0,25.0,0.4
1176,-400.0,-400.0,125.0,0.4
1177,-100.0,-200.0,25.0,0.4
1178,0.0,300.0,50.0,0.6
1179,-300.0,100.0,175.0,0.8
1180,100.0,200.0,100.0,0.2
1181,-100.0,-400.0,100.0,0.2
1182,100.0,400.0,75.0,1.0
1183,0.0,-300.0,175.0,0.8
1184,100.0,-200.0,150.0,0.8
1185,200.0,300.0,50.0,0.6
1186,0.0,-100.0,125.0,1.0
1187,200.0,100.0,175.0,0.6
1188,0.0,0.0,125.0,0.8
1189,0.0,100.0,150.0,0.8
1190,0.0,-100.0,100.0,0.6
1191,-100.0,-200.0,125.0,0.8
1192,-300.0,-300.0,175.0,0.8
1193,200.0,400.0,100.0,1.0
1194,-100.0,300.0,125.0,0.6
1195,300.0,400.0,100.0,0.4
1196,-400.0,300.0,25.0,1.0
1197,-100.0,-400.0,50.0,0.4
1198,0.0,-100.0,25.0,1.0
1199,0.0,-200.0,175.0,0.6
1200,100.0,-200.0,125.0,0.6
1201,400.0,100.0,100.0,0.2
1202,300.0,0.0,50.0,1.0
1203,-200.0,-200.0,25.0,0.2
1204,300.0,-300.0,150.0,1.0
1205,400.0,-300.0,75.0,0.4
1206,-400.0,100.0,75.0,0.6
1207,-300.0,-100.0,100.0,1.0
1208,200.0,-100.0,125.0,0.2
1209,0.0,-300.0,100.0,0.2
1210,400.0,0.0,100.0,0.2
1211,300.0,-300.0,50.0,0.4
1212,100.0,0.0,150.0,1.0
1213,400.0,200.0,125.0,0.2
1214,-300.0,-300.0,75.0,0.6
1215,100.0,-100.0,125.0,1.0
1216,-100.0,-400.0,100.0,0.4
1217,0.0,-300.0,100.0,1.0
1218,300.0,-100.0,175.0,0.6
1219,400.0,-400.0,50.0,0.4
1220,200.0,-100.0,150.0,1.0
1221,200.0,300.0,175.0,0.6
1222,0.0,-400.0,175.0,1.0
1223,0.0,300.0,125.0,1.0
1224,400.0,100.0,175.0,0.4
1225,300.0,400.0,125.0,0.8
1226,400.0,300.0,125.0,0.8
1227,-100.0,-200.0,150.0,0.4
1228,100.0,-400.0,100.0,0.4
1229,100.0,-200.0,25.0,0.8
1230,300.0,-200.0,175.0,0.4
1231,100.0,100.0,125.0,1.0
1232,100.0,-400.0,50.0,1.0
1233,400.0,300.0,100.0,0.4
1234,-300.0,-200.0,25.0,0.6
1235,-300.0,400.0,150.0,1.0
1236,-400.0,200.0,150.0,0.6
1237,200.0,0.0,100.0,0.6
1238,200.0,-300.0,75.0,0.6
1239,100.0,-100.0,100.0,1.0
1240,100.0,-100.0,175.0,1.0
1241,-100.0,-100.0,125.0,0.2
1242,-300.0,-300.0,100.0,0.8
1243,400.0,400.0,75.0,0.4
1244,400.0,400.0,150.0,1.0
1245,0.0,0.0,175.0,0.2
1246,-100.0,-400.0,150.0,0.6
1247,-400.0,100.0,175.0,0.8
1248,-400.0,-100.0,75.0,0.2
1249,-100.0,300.0,75.0,0.4
1250,-300.0,-200.0,175.0,0.8
1251,-200.0,-100.0,150.0,0.4
1252,200.0,-100.0,100.0,0.8
1253,-300.0,400.0,50.0,1.0
1254,-200.0,0.0,75.0,0.8
1255,200.0,200.0,125.0,1.0
1256,-300.0,400.0,50.0,0.2
1257,-200.0,-300.0,150.0,0.2
1258,400.0,0.0,75.0,0.6
1259,200.0,-400.0,125.0,0.4
1260,-100.0,-200.0,75.0,1.0
1261,-400.0,-300.0,75.0,1.0
1262,300.0,0.0,125.0,0.8
1263,200.0,100.0,125.0,0.2
1264,-100.0,-300.0,125.0,1.0
1265,300.0,0.0,175.0,0.2
1266,-400.0,100.0,150.0,0.4
1267,100.0,-200.0,25.0,0.4
1268,300.0,-200.0,25.0,0.8
1269,-300.0,400.0,25.0,1.0
1270,-400.0,-400.0,125.0,1.0
1271,200.0,-300.0,75.0,0.4
1272,-200.0,100.0,50.0,1.0
1273,0.0,-200.0,75.0,0.2
1274,100.0,200.0,175.0,1.0
1275,200.0,-200.0,75.0,0.8
1276,300.0,-400.0,100.0,0.4
1277,-200.0,-200.0,125.0,0.6
1278,400.0,-100.0,50.0,0.6
1279,400.0,400.0,75.0,0.6
1280,-100.0,0.0,50.0,1.0
1281,-400.0,300.0,125.0,1.0
1282,200.0,300.0,150.0,1.0
1283,100.0,300.0,150.0,0.4
1284,-300.0,0.0,25.0,0.8
1285,-400.0,100.0,175.0,0.4
1286,0.0,100.0,125.0,0.4
1287,400.0,0.0,125.0,0.2
1288,-100.0,-300.0,50.0,0.2
1289,100.0,-400.0,150.0,1.0
1290,-100.0,300.0,50.0,1.0
1291,300.0,400.0,175.0,0.6
1292,100.0,0.0,50.0,0.2
1293,-100.0,-400.0,175.0,0.6
1294,0.0,100.0,75.0,0.2
1295,100.0,400.0,150.0,0.2
1296,300.0,100.0,175.0,0.8
1297,200.0,-400.0,125.0,0.8
1298,-400.0,300.0,50.0,1.0
1299,-100.0,400.0,150.0,0.4
1300,400.0,200.0,75.0,0.2
1301,-200.0,300.0,100.0,0.8
1302,100.0,-400.0,175.0,0.8
1303,-100.0,300.0,150.0,0.4
1304,0.0,300.0,50.0,0.8
1305,0.0,-200.0,150.0,0.6
1306,100.0,0.0,50.0,0.4
1307,-300.0,-100.0,150.0,1.0
1308,200.0,200.0,50.0,0.6
1309,400.0,100.0,75.0,0.8
1310,-400.0,0.0,25.0,0.6
1311,-100.0,200.0,175.0,0.4
1312,-200.0,-300.0,125.0,0.2
1313,-100.0,0.0,100.0,0.6
1314,400.0,-200.0,100.0,0.4
1315,0.0,-400.0,50.0,0.2
1316,-300.0,-300.0,150.0,0.4
1317,300.0,-200.0,125.0,0.4
1318,100.0,300.0,50.0,1.0
1319,100.0,-100.0,75.0,1.0
1320,100.0,300.0,150.0,1.0
1321,300.0,200.0,25.0,0.4
1322,-400.0,-100.0,50.0,0.2
1323,-300.0,100.0,150.0,0.2
1324,-100.0,-200.0,150.0,1.0
1325,300.0,200.0,125.0,0.6
1326,300.0,300.0,25.0,0.8
1327,-400.0,200.0,100.0,0.2
1328,-100.0,300.0,150.0,1.0
1329,100.0,-400.0,125.0,1.0
1330,-300.0,-300.0,50.0,0.4
1331,-400.0,-100.0,125.0,0.6
1332,-400.0,300.0,100.0,0.8
1333,300.0,-100.0,75.0,1.0
1334,200.0,-300.0,50.0,1.0
1335,200.0,400.0,150.0,0.4
1336,0.0,-200.0,125.0,0.4
1337,-300.0,300.0,175.0,0.6
1338,-300.0,0.0,25.0,0.4
1339,-300.0,100.0,125.0,1.0
1340,300.0,-400.0,125.0,0.4
1341,0.0,200.0,100.0,1.0
1342,-100.0,-100.0,25.0,0.6
1343,300.0,300.0,75.0,0.8
1344,-100.0,-200.0,50.0,0.4
1345,400.0,-300.0,75.0,1.0
1346,400.0,100.0,100.0,0.4
1347,400.0,-200.0,125.0,0.4
1348,-400.0,400.0,25.0,0.8
1349,200.0,200.0,25.0,0.2
1350,200.0,300.0,100.0,1.0
1351,0.0,300.0,75.0,0.2
1352,-200.0,200.0,75.0,0.4
1353,-300.0,100.0,100.0,0.8
1354,100.0,200.0,25.0,0.2
1355,-300.0,200.0,75.0,0.8
1356,-100.0,-400.0,50.0,0.8
1357,100.0,300.0,25.0,0.4
1358,-200.0,-100.0,25.0,0.4
1359,-200.0,-300.0,100.0,0.2
1360,-100.0,100.0,75.0,0.2
1361,300.0,0.0,100.0,0.4
1362,-300.0,400.0,150.0,0.2
1363,200.0,200.0,125.0,0.6
1364,-300.0,400.0,125.0,0.6
1365,200.0,-400.0,50.0,0.8
1366,400.0,-200.0,175.0,1.0
1367,-300.0,200.0,25.0,0.2
1368,200.0,200.0,75.0,0.6
1369,-200.0,300.0,100.0,0.6
1370,-200.0,100.0,125.0,0.2
1371,-400.0,200.0,175.0,0.2
1372,-200.0,100.0,25.0,0.2
1373,300.0,100.0,175.0,0.2
1374,100.0,0.0,150.0,0.8
1375,100.0,-300.0,100.0,0.6
1376,-300.0,-300.0,50.0,0.2
1377,0.0,-100.0,75.0,0.6
1378,-200.0,-300.0,150.0,0.8
1379,-200.0,-100.0,125.0,1.0
1380,300.0,400.0,125.0,1.0
1381,-300.0,-400.0,125.0,0.4
1382,400.0,100.0,75.0,0.4
1383,-200.0,0.0,150.0,0.6
1384,-400.0,400.0,75.0,0.6
1385,300.0,100.0,150.0,0.8
1386,-300.0,200.0,100.0,0.8
1387,400.0,100.0,175.0,0.6
1388,0.0,300.0,25.0,0.8
1389,-400.0,-100.0,125.0,0.2
1390,200.0,0.0,125.0,0.8
1391,200.0,100.0,25.0,0.4
1392,-400.0,100.0,75.0,0.8
1393,100.0,-400.0,175.0,0.4
1394,-200.0,-100.0,100.0,0.8
1395,-400.0,-300.0,75.0,0.6
1396,-100.0,-100.0,150.0,0.6
1397,100.0,-200.0,175.0,1.0
1398,400.0,200.0,75.0,0.8
1399,200.0,-100.0,100.0,0.4
1400,-300.0,-300.0,100.0,0.2
1401,200.0,100.0,125.0,0.6
1402,-400.0,100.0,175.0,0.2
1403,-400.0,-400.0,50.0,1.0
1404,-400.0,0.0,175.0,0.4
1405,-200.0,200.0,100.0,0.8
1406,-200.0,300.0,150.0,1.0
1407,100.0,100.0,75.0,0.8
1408,-100.0,-100.0,50.0,0.6
1409,300.0,100.0,100.0,0.4
1410,300.0,300.0,150.0,0.4
1411,200.0,-200.0,125.0,0.2
1412,400.0,-400.0,75.0,1.0
1413,400.0,-400.0,75.0,0.4
1414,300.0,300.0,75.0,0.4
1415,-400.0,0.0,50.0,0.6
1416,400.0,-200.0,175.0,0.2
1417,-400.0,-300.0,175.0,0.6
1418,-100.0,200.0,175.0,0.2
1419,300.0,200.0,75.0,0.2
1420,-200.0,-100.0,125.0,0.6
1421,0.0,-200.0,150.0,1.0
1422,0.0,-300.0,175.0,1.0
1423,400.0,-300.0,100.0,0.2
1424,-200.0,-100.0,75.0,0.6
1425,-400.0,-400.0,75.0,1.0
1426,300.0,300.0,125.0,0.6
1427,400.0,400.0,25.0,0.4
1428,-300.0,200.0,50.0,0.8
1429,-400.0,100.0,100.0,1.0
1430,-100.0,0.0,100.0,0.8
1431,300.0,200.0,150.0,0.4
1432,-400.0,400.0,50.0,0.8
1433,-200.0,200.0,100.0,0.6
1434,0.0,-300.0,50.0,0.6
1435,0.0,-300.0,75.0,0.2
1436,400.0,-200.0,25.0,1.0
1437,100.0,-200.0,125.0,1.0
1438,-300.0,-200.0,75.0,1.0
1439,300.0,-200.0,25.0,0.6
1440,200.0,0.0,175.0,0.6
1441,200.0,0.0,150.0,0.6
1442,-400.0,200.0,125.0,1.0
1443,400.0,400.0,50.0,1.0
1444,-100.0,-100.0,100.0,0.6
1445,-200.0,-100.0,75.0,0.8
1446,-300.0,300.0,125.0,0.6
1447,300.0,0.0,75.0,0.2
1448,400.0,100.0,175.0,1.0
1449,400.0,400.0,75.0,0.2
1450,300.0,-300.0,150.0,0.4
1451,-200.0,400.0,125.0,0.2
1452,0.0,300.0,25.0,1.0
1453,300.0,-200.0,50.0,0.8
1454,-300.0,-400.0,125.0,0.8
1455,-300.0,-300.0,125.0,0.2
1456,200.0,400.0,25.0,0.2
1457,300.0,-400.0,50.0,1.0
1458,0.0,200.0,25.0,0.2
1459,200.0,100.0,50.0,1.0
1460,200.0,300.0,25.0,1.0
1461,200.0,-400.0,175.0,0.8
1462,-100.0,400.0,75.0,0.8
1463,0.0,300.0,150.0,0.6
1464,100.0,200.0,75.0,0.2
1465,0.0,-400.0,75.0,0.2
1466,-400.0,0.0,125.0,0.4
1467,300.0,300.0,25.0,0.4
1468,-400.0,300.0,150.0,0.2
1469,-200.0,100.0,125.0,0.4
1470,-300.0,-200.0,125.0,1.0
1471,-400.0,200.0,100.0,1.0
1472,300.0,200.0,50.0,0.8
1473,100.0,-300.0,75.0,0.4
1474,-200.0,100.0,25.0,0.8
1475,-300.0,0.0,25.0,0.2
1476,0.0,300.0,50.0,1.0
1477,200.0,-200.0,25.0,0.2
1478,-400.0,-400.0,75.0,0.8
1479,-200.0,-400.0,100.0,1.0
1480,200.0,0.0,175.0,0.2
1481,200.0,-100.0,75.0,0.8
1482,0.0,100.0,100.0,1.0
1483,-400.0,300.0,100.0,0.4
1484,200.0,-100.0,50.0,0.4
1485,200.0,300.0,175.0,0.4
1486,300.0,-300.0,25.0,0.6
1487,-100.0,-300.0,100.0,0.2
1488,-200.0,200.0,75.0,1.0
1489,-100.0,-200.0,125.0,0.6
1490,-100.0,-300.0,75.0,1.0
1491,200.0,300.0,175.0,0.8
1492,-300.0,-300.0,125.0,1.0
1493,300.0,200.0,150.0,0.2
1494,-100.0,300.0,100.0,0.2
1495,0.0,200.0,125.0,0.6
1496,200.0,0.0,150.0,0.2
1497,100.0,-400.0,25.0,0.8
1498,100.0,-300.0,75.0,0.2
1499,100.0,-200.0,100.0,0.8
1500,-200.0,200.0,150.0,0.6
1501,200.0,-100.0,125.0,0.6
1502,-400.0,200.0,150.0,0.8
1503,-400.0,0.0,100.0,1.0
1504,-100.0,-300.0,100.0,0.4
1505,-400.0,-100.0,175.0,0.2
1506,400.0,100.0,50.0,0.8
1507,-200.0,300.0,75.0,0.2
1508,-400.0,0.0,100.0,0.4
1509,-300.0,-100.0,125.0,0.4
1510,-100.0,-100.0,75.0,0.2
1511,-300.0,0.0,75.0,1.0
1512,-400.0,-200.0,50.0,0.8
1513,400.0,-300.0,50.0,0.2
1514,-300.0,-200.0,50.0,0.4
1515,-300.0,100.0,25.0,0.8
1516,200.0,-200.0,50.0,1.0
1517,100.0,-300.0,175.0,0.2
1518,300.0,-200.0,100.0,0.6
1519,-400.0,-300.0,25.0,1.0
1520,-200.0,0.0,50.0,0.8
1521,200.0,-200.0,25.0,1.0
1522,300.0,-300.0,75.0,0.8
1523,100.0,-300.0,175.0,0.4
1524,200.0,-400.0,75.0,1.0
1525,100.0,-200.0,175.0,0.8
1526,-100.0,100.0,125.0,0.8
1527,200.0,400.0,125.0,1.0
1528,-100.0,-300.0,100.0,1.0
1529,0.0,-100.0,25.0,0.4
1530,-100.0,-200.0,25.0,0.2
1531,-300.0,0.0,100.0,0.4
1532,200.0,100.0,25.0,0.6
1533,300.0,-100.0,50.0,0.2
1534,-300.0,-200.0,75.0,0.4
1535,-200.0,100.0,50.0,0.6
1536,300.0,-400.0,100.0,0.8
1537,-400.0,400.0,125.0,0.6
1538,100.0,200.0,150.0,1.0
1539,-100.0,400.0,50.0,0.6
1540,200.0,-300.0,25.0,0.2
1541,-300.0,400.0,50.0,0.4
1542,300.0,-200.0,75.0,0.6
1543,400.0,-300.0,175.0,0.2
1544,-100.0,200.0,100.0,0.6
1545,200.0,100.0,175.0,0.8
1546,100.0,300.0,175.0,0.6
1547,-100.0,0.0,25.0,0.2
1548,0.0,200.0,100.0,0.2
1549,200.0,300.0,150.0,0.4
1550,-400.0,100.0,50.0,1.0
1551,0.0,0.0,100.0,0.2
1552,400.0,400.0,125.0,0.8
1553,-200.0,-100.0,75.0,0.2
1554,100.0,-300.0,100.0,1.0
1555,200.0,100.0,25.0,1.0
1556,-200.0,-200.0,150.0,0.4
1557,-200.0,0.0,75.0,0.4
1558,-300.0,-200.0,150.0,0.2
1559,400.0,300.0,50.0,0.8
1560,200.0,-400.0,150.0,0.6
1561,400.0,-300.0,175.0,0.6
1562,100.0,0.0,125.0,0.6
1563,100.0,200.0,25.0,1.0
1564,0.0,-300.0,50.0,0.2
1565,0.0,-100.0,150.0,0.8
1566,-100.0,400.0,100.0,0.8
1567,-400.0,-300.0,150.0,0.2
1568,400.0,-300.0,150.0,0.4
1569,100.0,100.0,100.0,0.4
1570,-300.0,0.0,50.0,1.0
1571,400.0,400.0,100.0,0.2
1572,-100.0,300.0,125.0,0.4
1573,100.0,100.0,50.0,0.2
1574,-100.0,-300.0,175.0,0.2
1575,100.0,-100.0,150.0,1.0
1576,-400.0,-100.0,100.0,0.6
1577,200.0,-200.0,75.0,1.0
1578,200.0,0.0,175.0,0.8
1579,100.0,400.0,25.0,0.8
1580,-400.0,0.0,100.0,0.8
1581,-400.0,0.0,125.0,0.8
1582,300.0,200.0,150.0,0.6
1583,300.0,-100.0,50.0,1.0
1584,-100.0,-100.0,175.0,1.0
1585,-300.0,0.0,150.0,0.8
1586,-300.0,100.0,75.0,0.4
1587,100.0,-300.0,50.0,0.6
1588,0.0,200.0,25.0,0.4
1589,-300.0,-200.0,125.0,0.8
1590,300.0,-200.0,150.0,0.6
1591,100.0,0.0,25.0,0.4
1592,300.0,100.0,125.0,0.6
1593,-300.0,-300.0,75.0,0.8
1594,300.0,300.0,75.0,0.6
1595,400.0,-300.0,25.0,0.8
1596,-300.0,400.0,125.0,1.0
1597,-200.0,-400.0,25.0,0.8
1598,200.0,200.0,100.0,1.0
1599,-300.0,200.0,50.0,0.2
1600,0.0,-300.0,50.0,1.0
1601,-300.0,-300.0,125.0,0.4
1602,-100.0,-400.0,25.0,0.6
1603,300.0,-400.0,175.0,0.4
1604,200.0,200.0,125.0,0.2
1605,300.0,-100.0,125.0,0.6
1606,400.0,200.0,150.0,0.2
1607,100.0,-400.0,25.0,0.4
1608,-100.0,-300.0,25.0,0.6
1609,200.0,200.0,50.0,0.4
1610,400.0,-300.0,75.0,0.6
1611,300.0,100.0,175.0,0.6
1612,0.0,-100.0,50.0,0.2
1613,-400.0,-200.0,50.0,0.2
1614,-100.0,-200.0,150.0,0.2
1615,100.0,0.0,100.0,0.4
1616,-100.0,400.0,50.0,1.0
1617,0.0,-100.0,75.0,0.4
1618,0.0,200.0,50.0,1.0
1619,-100.0,-400.0,150.0,1.0
1620,300.0,400.0,150.0,1.0
1621,-400.0,200.0,175.0,1.0
1622,-300.0,-300.0,50.0,1.0
1623,200.0,400.0,100.0,0.8
1624,-200.0,400.0,50.0,1.0
1625,-200.0,-100.0,175.0,0.6
1626,400.0,-300.0,50.0,1.0
1627,400.0,-300.0,100.0,1.0
1628,-200.0,200.0,125.0,0.6
1629,-200.0,0.0,125.0,0.6
1630,0.0,-300.0,175.0,0.6
1631,0.0,-300.0,25.0,0.4
1632,0.0,200.0,175.0,0.4
1633,300.0,300.0,25.0,1.0
1634,400.0,100.0,150.0,0.2
1635,-300.0,-300.0,100.0,0.6
1636,100.0,300.0,150.0,0.2
1637,0.0,300.0,50.0,0.2
1638,0.0,200.0,175.0,0.6
1639,400.0,-200.0,50.0,0.4
1640,-100.0,-300.0,125.0,0.8
1641,200.0,-400.0,100.0,1.0
1642,-100.0,-400.0,175.0,0.4
1643,200.0,-400.0,25.0,0.2
1644,-200.0,400.0,100.0,0.6
1645,100.0,-200.0,75.0,0.8
1646,400.0,-400.0,175.0,0.6
1647,200.0,-400.0,50.0,0.4
1648,100.0,100.0,25.0,0.2
1649,-300.0,100.0,175.0,0.6
1650,-400.0,400.0,150.0,0.6
1651,100.0,100.0,100.0,0.2
1652,-200.0,200.0,125.0,0.2
1653,300.0,100.0,100.0,0.2
1654,200.0,-200.0,125.0,1.0
1655,-300.0,-100.0,150.0,0.6
1656,-400.0,0.0,75.0,0.8
1657,-400.0,-200.0,100.0,1.0
1658,0.0,300.0,125.0,0.2
1659,100.0,-400.0,150.0,0.6
1660,-400.0,-200.0,75.0,0.8
1661,0.0,-300.0,25.0,0.8
1662,200.0,-200.0,100.0,0.4
1663,0.0,-300.0,125.0,0.4
1664,-400.0,100.0,175.0,0.6
1665,100.0,300.0,125.0,0.8
1666,-100.0,-100.0,50.0,0.2
1667,400.0,-100.0,150.0,0.6
1668,200.0,-100.0,125.0,0.8
1669,200.0,100.0,150.0,0.2
1670,-300.0,-300.0,75.0,1.0
1671,200.0,400.0,150.0,0.6
1672,200.0,0.0,25.0,0.4
1673,-100.0,-200.0,175.0,0.8
1674,300.0,400.0,100.0,0.2
1675,-100.0,200.0,150.0,0.4
1676,200.0,200.0,125.0,0.4
1677,0.0,-100.0,50.0,0.8
1678,300.0,0.0,75.0,1.0
1679,-400.0,300.0,25.0,0.2
1680,300.0,-400.0,125.0,0.8
1681,200.0,100.0,25.0,0.2
1682,400.0,100.0,125.0,0.4
1683,100.0,-100.0,175.0,0.4
1684,400.0,400.0,75.0,0.8
1685,300.0,-400.0,75.0,0.2
1686,-100.0,300.0,50.0,0.2
1687,100.0,200.0,125.0,1.0
1688,-200.0,0.0,50.0,0.4
1689,400.0,300.0,75.0,0.4
1690,300.0,-200.0,100.0,0.8
1691,300.0,-400.0,50.0,0.8
1692,-400.0,200.0,150.0,0.4
1693,-400.0,-300.0,100.0,0.6
1694,100.0,-200.0,150.0,0.4
1695,100.0,-200.0,50.0,0.2
1696,-200.0,-400.0,100.0,0.6
1697,100.0,-100.0,50.0,0.4
1698,-100.0,300.0,75.0,0.6
1699,300.0,-300.0,175.0,0.4
1700,-400.0,-300.0,75.0,0.2
1701,-200.0,-200.0,150.0,0.6
1702,-200.0,-100.0,100.0,0.6
1703,300.0,200.0,100.0,0.2
1704,-100.0,300.0,25.0,0.2
1705,300.0,100.0,50.0,0.2
1706,-100.0,-200.0,175.0,0.4
1707,0.0,-200.0,125.0,0.2
1708,300.0,-100.0,125.0,1.0
1709,-300.0,-400.0,175.0,0.4
1710,300.0,400.0,150.0,0.8
1711,-400.0,-300.0,175.0,0.8
1712,-400.0,100.0,150.0,0.6
1713,200.0,300.0,125.0,0.2
1714,400.0,400.0,50.0,0.8
1715,-100.0,400.0,100.0,0.4
1716,-200.0,-200.0,100.0,0.2
1717,200.0,400.0,50.0,0.6
1718,-200.0,300.0,50.0,0.6
1719,400.0,-300.0,25.0,1.0
1720,0.0,-100.0,50.0,0.6
1721,400.0,200.0,175.0,0.2
1722,-200.0,0.0,25.0,0.8
1723,300.0,-400.0,50.0,0.4
1724,0.0,-400.0,175.0,0.4
1725,-200.0,400.0,75.0,1.0
1726,400.0,-200.0,50.0,0.6
1727,300.0,-400.0,100.0,0.6
1728,100.0,400.0,150.0,0.6
1729,100.0,0.0,25.0,0.8
1730,0.0,300.0,150.0,0.2
1731,-200.0,-400.0,75.0,0.8
1732,400.0,400.0,125.0,0.6
1733,400.0,400.0,125.0,1.0
1734,-400.0,0.0,75.0,1.0
1735,0.0,100.0,125.0,0.2
1736,200.0,-400.0,25.0,0.6
1737,400.0,200.0,50.0,1.0
1738,300.0,400.0,100.0,1.0
1739,300.0,300.0,75.0,1.0
1740,-400.0,200.0,100.0,0.4
1741,0.0,300.0,100.0,1.0
1742,-100.0,200.0,75.0,0.6
1743,200.0,300.0,25.0,0.2
1744,0.0,-200.0,50.0,0.4
1745,100.0,400.0,175.0,0.8
1746,-100.0,300.0,100.0,1.0
1747,200.0,0.0,150.0,1.0
1748,-300.0,300.0,100.0,0.6
1749,-400.0,-400.0,125.0,0.2
1750,-400.0,0.0,150.0,0.4
1751,300.0,-300.0,50.0,1.0
1752,200.0,0.0,25.0,0.2
1753,0.0,-300.0,25.0,0.2
1754,0.0,300.0,100.0,0.6
1755,200.0,-200.0,75.0,0.2
1756,300.0,100.0,175.0,1.0
1757,300.0,-300.0,25.0,1.0
1758,-300.0,200.0,125.0,1.0
1759,0.0,200.0,75.0,0.2
1760,-200.0,-200.0,100.0,0.8
1761,100.0,300.0,50.0,0.6
1762,0.0,100.0,25.0,0.6
1763,100.0,-200.0,50.0,1.0
1764,-400.0,400.0,75.0,1.0
1765,-100.0,200.0,75.0,0.8
1766,-100.0,-100.0,75.0,0.8
1767,400.0,-100.0,175.0,0.8
1768,-200.0,200.0,75.0,0.8
1769,300.0,0.0,75.0,0.6
1770,0.0,-200.0,100.0,1.0
1771,-400.0,0.0,150.0,0.8
1772,-400.0,-100.0,100.0,0.4
1773,300.0,0.0,100.0,0.8
1774,300.0,100.0,125.0,0.8
1775,400.0,0.0,100.0,0.8
1776,100.0,-200.0,175.0,0.6
1777,300.0,100.0,125.0,1.0
1778,0.0,100.0,25.0,0.4
1779,100.0,400.0,50.0,0.6
1780,100.0,-300.0,125.0,0.2
1781,-400.0,0.0,25.0,0.8
1782,-400.0,400.0,25.0,1.0
1783,-200.0,300.0,25.0,1.0
1784,400.0,-100.0,150.0,0.4
1785,-100.0,200.0,125.0,1.0
1786,-300.0,300.0,175.0,0.2
1787,-300.0,-100.0,25.0,1.0
1788,-300.0,-300.0,25.0,0.4
1789,200.0,100.0,175.0,1.0
1790,200.0,-300.0,150.0,0.6
1791,200.0,400.0,175.0,0.6
1792,-100.0,300.0,175.0,0.6
1793,400.0,0.0,75.0,0.8
1794,200.0,-200.0,150.0,0.4
1795,400.0,200.0,75.0,1.0
1796,-200.0,-200.0,175.0,1.0
1797,-100.0,-300.0,150.0,0.2
1798,-300.0,100.0,100.0,0.6
1799,400.0,200.0,25.0,0.8
1800,100.0,-100.0,125.0,0.2
1801,-400.0,100.0,25.0,1.0
1802,400.0,-200.0,100.0,0.8
1803,100.0,-400.0,75.0,0.2
1804,-100.0,0.0,175.0,0.6
1805,300.0,100.0,100.0,1.0
1806,-300.0,300.0,50.0,0.6
1807,-200.0,-400.0,175.0,0.6
1808,-300.0,200.0,125.0,0.6
1809,-100.0,400.0,75.0,1.0
1810,100.0,-100.0,50.0,0.6
1811,100.0,0.0,150.0,0.6
1812,-100.0,100.0,50.0,0.6
1813,200.0,100.0,25.0,0.8
1814,200.0,0.0,175.0,0.4
1815,200.0,-100.0,150.0,0.8
1816,-100.0,200.0,75.0,0.4
1817,300.0,200.0,25.0,0.6
1818,100.0,400.0,125.0,0.4
1819,-400.0,-200.0,75.0,0.2
1820,300.0,0.0,150.0,0.8
1821,100.0,-400.0,150.0,0.4
1822,-100.0,-300.0,50.0,0.6
1823,-300.0,300.0,25.0,0.6
1824,300.0,-100.0,150.0,0.6
1825,200.0,0.0,75.0,0.8
1826,200.0,-400.0,25.0,0.8
1827,-100.0,-100.0,175.0,0.8
1828,-100.0,0.0,125.0,0.8
1829,-400.0,100.0,150.0,0.2
1830,-200.0,400.0,75.0,0.4
1831,-100.0,-300.0,25.0,0.4
1832,-200.0,100.0,100.0,0.4
1833,0.0,100.0,25.0,1.0
1834,100.0,300.0,100.0,0.2
1835,-300.0,-300.0,100.0,1.0
1836,-400.0,-200.0,125.0,0.6
1837,200.0,-200.0,150.0,0.2
1838,400.0,-300.0,125.0,1.0
1839,100.0,200.0,150.0,0.4
1840,-400.0,-400.0,125.0,0.8
1841,200.0,300.0,100.0,0.2
1842,-200.0,400.0,25.0,0.6
1843,0.0,300.0,100.0,0.4
1844,0.0,200.0,25.0,0.8
1845,0.0,-400.0,150.0,0.6
1846,-200.0,100.0,25.0,1.0
1847,400.0,100.0,100.0,1.0
1848,100.0,0.0,75.0,1.0
1849,-200.0,-200.0,75.0,1.0
1850,-300.0,-300.0,125.0,0.8
1851,-400.0,-400.0,25.0,1.0
1852,100.0,200.0,75.0,0.4
1853,400.0,-300.0,50.0,0.6
1854,-100.0,0.0,25.0,1.0
1855,-300.0,-400.0,25.0,0.2
1856,-200.0,-300.0,100.0,1.0
1857,-100.0,-300.0,25.0,0.2
1858,-400.0,-400.0,175.0,1.0
1859,-100.0,-200.0,25.0,1.0
1860,-200.0,100.0,75.0,0.8
1861,-300.0,-200.0,100.0,0.2
1862,300.0,-200.0,175.0,0.6
1863,-300.0,400.0,25.0,0.8
1864,-400.0,0.0,150.0,0.6
1865,-300.0,-100.0,75.0,0.4
1866,-300.0,-100.0,25.0,0.8
1867,100.0,-300.0,175.0,0.6
1868,-100.0,100.0,100.0,0.2
1869,200.0,-200.0,50.0,0.6
1870,-400.0,400.0,175.0,0.4
1871,-100.0,100.0,75.0,1.0
1872,-400.0,400.0,25.0,0.2
1873,-300.0,-200.0,75.0,0.2
1874,-200.0,-300.0,125.0,1.0
1875,-300.0,400.0,175.0,1.0
1876,-200.0,-400.0,75.0,0.6
1877,-400.0,100.0,25.0,0.6
1878,-300.0,100.0,125.0,0.6
1879,-400.0,400.0,25.0,0.4
1880,300.0,-300.0,50.0,0.8
1881,400.0,0.0,50.0,0.2
1882,-300.0,300.0,100.0,0.4
1883,100.0,-300.0,100.0,0.4
1884,-100.0,-400.0,50.0,0.2
1885,-100.0,400.0,125.0,0.6
1886,-100.0,-100.0,150.0,1.0
1887,0.0,-300.0,150.0,0.2
1888,-200.0,300.0,75.0,0.8
1889,200.0,0.0,100.0,1.0
1890,400.0,-400.0,125.0,1.0
1891,400.0,-100.0,75.0,1.0
1892,200.0,0.0,75.0,0.6
1893,400.0,300.0,25.0,0.4
1894,-100.0,-300.0,175.0,0.4
1895,-200.0,200.0,175.0,1.0
1896,-300.0,-200.0,50.0,0.2
1897,200.0,0.0,50.0,1.0
1898,-400.0,-100.0,50.0,1.0
1899,400.0,-300.0,25.0,0.6
1900,300.0,-400.0,50.0,0.2
1901,-400.0,-200.0,25.0,0.8
1902,-300.0,400.0,25.0,0.4
1903,400.0,200.0,175.0,0.8
1904,400.0,100.0,75.0,0.6
1905,300.0,400.0,175.0,1.0
1906,200.0,-200.0,150.0,1.0
1907,-400.0,100.0,100.0,0.2
1908,400.0,100.0,25.0,0.6
1909,0.0,-300.0,75.0,0.8
1910,300.0,-100.0,175.0,0.4
1911,0.0,0.0,50.0,0.6
1912,200.0,100.0,175.0,0.4
1913,-100.0,-400.0,125.0,0.2
1914,-300.0,400.0,50.0,0.8
1915,400.0,-100.0,125.0,0.6
1916,-300.0,-300.0,25.0,0.8
1917,100.0,300.0,25.0,0.8
1918,100.0,300.0,150.0,0.6
1919,100.0,-200.0,100.0,1.0
1920,200.0,400.0,150.0,1.0
1921,200.0,-400.0,50.0,1.0
1922,-400.0,-300.0,75.0,0.8
1923,100.0,200.0,50.0,1.0
1924,400.0,200.0,100.0,0.8
1925,-100.0,100.0,100.0,0.6
1926,-400.0,400.0,50.0,1.0
1927,300.0,0.0,50.0,0.2
1928,300.0,-200.0,75.0,0.2
1929,-200.0,0.0,25.0,0.6
1930,-200.0,-200.0,125.0,0.2
1931,0.0,-400.0,25.0,0.6
1932,0.0,-200.0,150.0,0.4
1933,300.0,-300.0,150.0,0.8
1934,-100.0,-400.0,150.0,0.4
1935,-300.0,-400.0,125.0,1.0
1936,300.0,-200.0,150.0,0.8
1937,400.0,0.0,50.0,0.4
1938,400.0,-100.0,125.0,1.0
1939,0.0,-200.0,100.0,0.4
1940,400.0,100.0,150.0,0.4
1941,-100.0,-200.0,75.0,0.8
1942,-300.0,0.0,50.0,0.2
1943,400.0,-100.0,175.0,1.0
1944,-100.0,-300.0,75.0,0.4
1945,0.0,100.0,175.0,1.0
1946,200.0,300.0,75.0,0.6
1947,-200.0,-300.0,75.0,0.8
1948,200.0,-300.0,100.0,0.2
1949,-300.0,300.0,25.0,1.0
1950,300.0,200.0,75.0,1.0
1951,100.0,-300.0,175.0,1.0
1952,-200.0,-400.0,75.0,0.2
1953,0.0,200.0,25.0,1.0
1954,400.0,0.0,175.0,0.4
1955,-400.0,-200.0,50.0,0.6
1956,200.0,100.0,75.0,0.4
1957,-300.0,300.0,100.0,0.2
1958,-300.0,0.0,50.0,0.4
1959,100.0,-300.0,125.0,0.4
1960,200.0,300.0,175.0,1.0
1961,200.0,100.0,100.0,0.6
1962,300.0,-300.0,100.0,0.2
1963,200.0,-100.0,125.0,1.0
1964,-200.0,-400.0,125.0,0.6
1965,-100.0,300.0,175.0,1.0
1966,-300.0,-100.0,175.0,0.6
1967,300.0,-400.0,75.0,0.6
1968,400.0,400.0,150.0,0.2
1969,0.0,100.0,175.0,0.4
1970,200.0,-200.0,25.0,0.4
1971,-300.0,400.0,125.0,0.4
1972,400.0,0.0,75.0,0.4
1973,-300.0,300.0,175.0,0.4
1974,400.0,-300.0,150.0,0.2
1975,300.0,0.0,50.0,0.8
1976,0.0,-200.0,75.0,0.6
1977,-300.0,200.0,25.0,0.8
1978,-300.0,-200.0,150.0,0.6
1979,300.0,-200.0,50.0,0.2
1980,300.0,200.0,25.0,0.2
1981,-300.0,-200.0,150.0,0.4
1982,0.0,100.0,75.0,0.6
1983,-300.0,400.0,75.0,0.8
1984,-300.0,300.0,150.0,0.8
1985,-100.0,200.0,125.0,0.2
1986,-200.0,-300.0,125.0,0.4
1987,-200.0,300.0,50.0,1.0
1988,-400.0,200.0,175.0,0.8
1989,0.0,300.0,75.0,1.0
1990,300.0,300.0,125.0,1.0
1991,300.0,-200.0,50.0,1.0
1992,100.0,400.0,25.0,1.0
1993,0.0,200.0,175.0,1.0
1994,300.0,200.0,100.0,0.6
1995,0.0,0.0,75.0,0.6
1996,0.0,-200.0,175.0,0.4
1997,100.0,300.0,100.0,0.8
1998,-200.0,200.0,50.0,0.8
1999,200.0,300.0,125.0,0.8
2000,0.0,-100.0,150.0,0.4
2001,400.0,-400.0,175.0,0.8
2002,200.0,400.0,25.0,0.6
2003,-300.0,-400.0,100.0,1.0
2004,300.0,-100.0,75.0,0.2
2005,-300.0,100.0,100.0,1.0
2006,0.0,-400.0,125.0,0.2
2007,200.0,-200.0,100.0,0.8
2008,0.0,300.0,150.0,1.0
2009,200.0,-300.0,175.0,1.0
2010,0.0,0.0,125.0,0.2
2011,200.0,200.0,25.0,1.0
2012,100.0,200.0,50.0,0.2
2013,0.0,0.0,125.0,0.4
2014,-100.0,-400.0,75.0,0.4
2015,400.0,300.0,100.0,1.0
2016,-400.0,-400.0,50.0,0.8
2017,300.0,100.0,25.0,1.0
2018,-100.0,-100.0,25.0,0.2
2019,100.0,300.0,75.0,1.0
2020,-300.0,0.0,75.0,0.2
2021,-400.0,-100.0,25.0,0.2
2022,-300.0,-300.0,50.0,0.6
2023,-100.0,-200.0,175.0,0.6
2024,-200.0,-400.0,25.0,0.4
2025,0.0,-100.0,150.0,0.6
2026,100.0,300.0,75.0,0.6
2027,-100.0,-400.0,100.0,0.6
2028,-400.0,-200.0,75.0,1.0
2029,0.0,300.0,25.0,0.4
2030,-100.0,400.0,150.0,0.6
2031,-200.0,400.0,175.0,1.0
2032,-300.0,300.0,75.0,1.0
2033,300.0,-200.0,150.0,1.0
2034,300.0,300.0,175.0,0.8
2035,400.0,-200.0,175.0,0.6
2036,-400.0,-200.0,50.0,1.0
2037,-300.0,-100.0,25.0,0.4
2038,400.0,-400.0,100.0,0.2
2039,0.0,0.0,25.0,0.6
2040,-400.0,-200.0,25.0,0.4
2041,-400.0,-100.0,75.0,0.4
2042,400.0,300.0,100.0,0.8
2043,-300.0,200.0,150.0,0.2
2044,400.0,-400.0,25.0,0.4
2045,-400.0,-100.0,25.0,0.8
2046,0.0,-100.0,75.0,1.0
2047,0.0,100.0,175.0,0.2
2048,-400.0,300.0,75.0,1.0
2049,-200.0,300.0,150.0,0.4
2050,200.0,-200.0,50.0,0.4
2051,100.0,-300.0,75.0,0.8
2052,100.0,-100.0,25.0,0.6
2053,-200.0,100.0,100.0,0.8
2054,-200.0,100.0,175.0,0.2
2055,-300.0,-100.0,150.0,0.8
2056,-200.0,300.0,100.0,1.0
2057,400.0,-100.0,175.0,0.2
2058,400.0,0.0,50.0,0.8
2059,-400.0,300.0,125.0,0.6
2060,-400.0,100.0,25.0,0.4
2061,100.0,-400.0,125.0,0.6
2062,100.0,0.0,100.0,0.6
2063,300.0,-300.0,75.0,1.0
2064,-300.0,200.0,25.0,0.4
2065,-200.0,200.0,50.0,0.2
2066,-400.0,200.0,100.0,0.8
2067,300.0,0.0,150.0,0.6
2068,100.0,0.0,175.0,1.0
2069,-100.0,300.0,75.0,0.8
2070,-300.0,-200.0,100.0,1.0
2071,-400.0,-300.0,125.0,0.2
2072,-200.0,0.0,50.0,1.0
2073,0.0,-400.0,50.0,0.6
2074,-400.0,400.0,50.0,0.4
2075,-400.0,-400.0,50.0,0.2
2076,300.0,400.0,75.0,0.4
2077,300.0,100.0,150.0,0.4
2078,-200.0,-100.0,75.0,1.0
2079,-300.0,0.0,75.0,0.6
2080,-400.0,200.0,125.0,0.2
2081,400.0,400.0,125.0,0.2
2082,300.0,-200.0,150.0,0.4
2083,-200.0,-300.0,75.0,0.6
2084,200.0,400.0,125.0,0.8
2085,100.0,-300.0,150.0,0.6
2086,100.0,-300.0,25.0,0.4
2087,300.0,200.0,125.0,0.4
2088,-100.0,-100.0,100.0,0.4
2089,300.0,0.0,75.0,0.4
2090,-400.0,0.0,25.0,0.4
2091,-200.0,100.0,100.0,1.0
2092,400.0,0.0,175.0,0.6
2093,-400.0,100.0,50.0,0.6
2094,100.0,-400.0,175.0,0.2
2095,-400.0,-100.0,125.0,0.4
2096,300.0,300.0,175.0,0.4
2097,-200.0,-200.0,50.0,1.0
2098,200.0,-300.0,125.0,0.2
2099,100.0,100.0,25.0,0.6
2100,400.0,300.0,150.0,0.2
2101,400.0,100.0,50.0,0.2
2102,-200.0,0.0,150.0,0.8
2103,-400.0,300.0,75.0,0.6
2104,-300.0,300.0,25.0,0.2
2105,-100.0,-100.0,75.0,0.4
2106,200.0,-200.0,100.0,0.6
2107,100.0,400.0,175.0,1.0
2108,-100.0,-100.0,125.0,0.6
2109,-400.0,300.0,175.0,0.6
2110,-300.0,100.0,50.0,1.0
2111,200.0,-400.0,175.0,1.0
2112,-200.0,-200.0,100.0,1.0
2113,200.0,-200.0,100.0,1.0
2114,0.0,100.0,25.0,0.2
2115,400.0,300.0,150.0,0.4
2116,0.0,-400.0,50.0,1.0
2117,200.0,-100.0,100.0,0.6
2118,-400.0,-300.0,100.0,0.2
2119,-300.0,-300.0,175.0,0.2
2120,100.0,200.0,175.0,0.8
2121,100.0,100.0,150.0,0.6
2122,200.0,300.0,50.0,1.0
2123,400.0,300.0,50.0,0.2
2124,100.0,400.0,125.0,0.6
2125,-300.0,-100.0,100.0,0.2
2126,-200.0,0.0,100.0,1.0
2127,-400.0,100.0,150.0,1.0
2128,-200.0,-400.0,25.0,1.0
2129,-300.0,-400.0,25.0,1.0
2130,-200.0,-200.0,25.0,0.6
2131,300.0,-400.0,125.0,0.2
2132,300.0,-100.0,50.0,0.4
2133,0.0,300.0,175.0,0.6
2134,-300.0,100.0,75.0,0.2
2135,100.0,300.0,25.0,0.6
2136,0.0,-200.0,175.0,0.8
2137,300.0,-200.0,175.0,0.2
2138,-100.0,-100.0,75.0,1.0
2139,100.0,-400.0,50.0,0.8
2140,100.0,-100.0,100.0,0.4
2141,-100.0,200.0,50.0,0.4
2142,0.0,300.0,125.0,0.6
2143,100.0,400.0,100.0,0.4
2144,-400.0,-300.0,100.0,0.4
2145,300.0,100.0,100.0,0.6
2146,0.0,100.0,175.0,0.6
2147,-400.0,300.0,75.0,0.2
2148,100.0,100.0,150.0,1.0
2149,-200.0,300.0,25.0,0.6
2150,100.0,0.0,50.0,0.6
2151,-400.0,400.0,100.0,0.4
2152,100.0,100.0,125.0,0.4
2153,-200.0,200.0,175.0,0.2
2154,-100.0,400.0,175.0,1.0
2155,-200.0,-100.0,100.0,1.0
2156,300.0,200.0,75.0,0.8
2157,-100.0,-300.0,150.0,1.0
2158,-200.0,200.0,175.0,0.4
2159,-100.0,100.0,150.0,1.0
2160,100.0,100.0,100.0,1.0
2161,300.0,400.0,75.0,0.6
2162,300.0,400.0,50.0,0.4
2163,300.0,-100.0,125.0,0.4
2164,-400.0,-100.0,25.0,1.0
2165,-400.0,-200.0,150.0,1.0
2166,200.0,200.0,175.0,0.6
2167,0.0,-100.0,75.0,0.8
2168,-300.0,400.0,100.0,0.6
2169,-200.0,100.0,25.0,0.6
2170,400.0,400.0,150.0,0.8
2171,100.0,-100.0,100.0,0.6
2172,-300.0,-100.0,150.0,0.2
2173,0.0,-100.0,100.0,0.2
2174,-200.0,-400.0,100.0,0.2
2175,400.0,-300.0,150.0,0.6
2176,400.0,200.0,175.0,0.6
2177,0.0,-300.0,125.0,1.0
2178,400.0,300.0,75.0,1.0
2179,-400.0,300.0,125.0,0.8
2180,200.0,-300.0,150.0,0.8
2181,300.0,300.0,150.0,0.6
2182,0.0,200.0,150.0,0.8
2183,-300.0,200.0,150.0,0.6
2184,-100.0,-400.0,125.0,1.0
2185,400.0,200.0,125.0,0.6
2186,-400.0,-400.0,125.0,0.6
2187,0.0,0.0,150.0,0.2
2188,400.0,400.0,50.0,0.4
2189,-200.0,0.0,125.0,0.2
2190,200.0,-100.0,100.0,1.0
2191,-300.0,-400.0,75.0,0.2
2192,-200.0,300.0,25.0,0.4
2193,-400.0,-100.0,125.0,0.8
2194,-100.0,-300.0,75.0,0.2
2195,0.0,300.0,125.0,0.4
2196,300.0,400.0,125.0,0.2
2197,-100.0,-100.0,50.0,1.0
2198,-200.0,100.0,150.0,1.0
2199,-300.0,100.0,75.0,0.8
2200,400.0,-200.0,100.0,1.0
2201,300.0,400.0,50.0,1.0
2202,-200.0,300.0,50.0,0.4
2203,400.0,200.0,75.0,0.4
2204,0.0,200.0,50.0,0.8
2205,-300.0,400.0,75.0,1.0
2206,-100.0,-200.0,125.0,0.2
2207,-300.0,-300.0,50.0,0.8
2208,0.0,0.0,25.0,1.0
2209,0.0,0.0,150.0,1.0
2210,-100.0,-400.0,175.0,0.2
2211,400.0,-300.0,175.0,1.0
2212,300.0,-300.0,175.0,1.0
2213,-100.0,400.0,125.0,0.8
2214,0.0,100.0,125.0,0.8
2215,-200.0,-100.0,125.0,0.4
2216,-400.0,-300.0,175.0,1.0
2217,0.0,-200.0,75.0,1.0
2218,200.0,100.0,100.0,1.0
2219,-100.0,-400.0,175.0,0.8
2220,100.0,0.0,50.0,0.8
2221,100.0,200.0,175.0,0.2
2222,100.0,400.0,125.0,1.0
2223,-100.0,-400.0,25.0,0.2
2224,-300.0,-100.0,125.0,1.0
2225,400.0,-200.0,150.0,0.8
2226,-200.0,-300.0,25.0,0.4
2227,400.0,300.0,175.0,0.4
2228,100.0,0.0,25.0,0.6
2229,400.0,200.0,150.0,0.6
2230,-200.0,-100.0,50.0,1.0
2231,100.0,100.0,150.0,0.8
2232,100.0,100.0,50.0,1.0
2233,-200.0,400.0,100.0,0.4
2234,-200.0,0.0,125.0,1.0
2235,-400.0,400.0,50.0,0.2
2236,200.0,200.0,150.0,0.6
2237,100.0,100.0,125.0,0.2
2238,200.0,400.0,150.0,0.2
2239,300.0,0.0,175.0,1.0
2240,400.0,300.0,50.0,0.4
2241,-300.0,400.0,75.0,0.2
2242,300.0,200.0,100.0,0.8
2243,200.0,300.0,75.0,0.2
2244,400.0,0.0,75.0,0.2
2245,-400.0,-300.0,75.0,0.4
2246,200.0,-400.0,75.0,0.4
2247,-100.0,0.0,25.0,0.8
2248,-100.0,100.0,125.0,0.6
2249,-100.0,400.0,50.0,0.8
2250,0.0,100.0,50.0,0.2
2251,200.0,-100.0,150.0,0.2
2252,400.0,-100.0,75.0,0.6
2253,0.0,300.0,175.0,0.4
2254,100.0,400.0,100.0,0.2
2255,100.0,-200.0,75.0,0.2
2256,-100.0,0.0,175.0,0.4
2257,-300.0,0.0,100.0,1.0
2258,300.0,200.0,75.0,0.4
2259,-200.0,100.0,125.0,0.6
2260,-400.0,300.0,150.0,0.8
2261,100.0,-200.0,150.0,0.6
2262,-200.0,100.0,75.0,0.2
2263,-400.0,300.0,25.0,0.8
2264,300.0,300.0,175.0,1.0
2265,0.0,-400.0,175.0,0.8
2266,400.0,-400.0,75.0,0.2
2267,-100.0,300.0,100.0,0.4
2268,-200.0,-400.0,75.0,1.0
2269,200.0,0.0,150.0,0.8
2270,100.0,-100.0,75.0,0.2
2271,-300.0,0.0,50.0,0.8
2272,0.0,0.0,175.0,1.0
2273,300.0,-300.0,125.0,1.0
2274,-200.0,-400.0,150.0,0.4
2275,0.0,-200.0,75.0,0.4
2276,-200.0,200.0,175.0,0.8
2277,-100.0,-400.0,50.0,0.6
2278,-100.0,-300.0,150.0,0.6
2279,300.0,-400.0,150.0,1.0
2280,200.0,-300.0,100.0,0.8
2281,400.0,0.0,125.0,0.4
2282,-100.0,100.0,175.0,0.6
2283,200.0,-100.0,25.0,1.0
2284,100.0,-200.0,125.0,0.8
2285,200.0,-200.0,175.0,1.0
2286,-100.0,0.0,100.0,1.0
2287,100.0,0.0,100.0,1.0
2288,0.0,100.0,125.0,1.0
2289,-200.0,400.0,50.0,0.2
2290,-200.0,-100.0,175.0,1.0
2291,200.0,0.0,175.0,1.0
2292,-200.0,300.0,175.0,0.6
2293,300.0,0.0,150.0,0.2
2294,200.0,-400.0,150.0,0.4
2295,-100.0,0.0,125.0,0.6
2296,-100.0,200.0,175.0,0.6
2297,0.0,-400.0,100.0,0.8
2298,-400.0,200.0,25.0,0.2
2299,-400.0,-100.0,75.0,0.8
2300,-200.0,100.0,75.0,0.4
2301,-300.0,-200.0,125.0,0.2
2302,400.0,300.0,50.0,1.0
2303,100.0,-100.0,75.0,0.4
2304,100.0,-100.0,75.0,0.8
2305,100.0,-400.0,50.0,0.4
2306,-400.0,400.0,175.0,0.2
2307,-400.0,-400.0,25.0,0.8
2308,400.0,300.0,25.0,0.2
2309,-100.0,300.0,25.0,0.8
2310,400.0,100.0,125.0,0.6
2311,-400.0,-300.0,50.0,0.6
2312,200.0,200.0,150.0,0.4
2313,400.0,-100.0,50.0,0.8
2314,-300.0,-400.0,150.0,0.2
2315,400.0,-200.0,25.0,0.2
2316,-100.0,-300.0,150.0,0.8
2317,-400.0,-100.0,150.0,0.4
2318,400.0,-400.0,100.0,0.4
2319,200.0,-400.0,175.0,0.2
2320,100.0,0.0,75.0,0.4
2321,300.0,-100.0,25.0,0.8
2322,-400.0,200.0,75.0,0.4
2323,-300.0,200.0,100.0,1.0
2324,100.0,100.0,75.0,0.4
2325,-100.0,400.0,75.0,0.6
2326,200.0,300.0,25.0,0.4
2327,-200.0,-200.0,25.0,0.4
2328,-100.0,-400.0,75.0,0.6
2329,200.0,100.0,50.0,0.6
2330,300.0,-100.0,100.0,0.2
2331,100.0,-100.0,50.0,0.2
2332,200.0,200.0,100.0,0.8
2333,0.0,300.0,175.0,0.2
2334,200.0,-100.0,75.0,0.6
2335,-200.0,400.0,150.0,1.0
2336,-300.0,-100.0,50.0,0.8
2337,0.0,-300.0,25.0,1.0
2338,300.0,200.0,50.0,1.0
2339,-100.0,-200.0,50.0,0.6
2340,-400.0,400.0,125.0,0.2
2341,400.0,-100.0,125.0,0.8
2342,400.0,-200.0,125.0,1.0
2343,-300.0,400.0,150.0,0.4
2344,300.0,100.0,100.0,0.8
2345,400.0,-400.0,50.0,1.0
2346,200.0,300.0,175.0,0.2
2347,300.0,300.0,125.0,0.2
2348,-100.0,300.0,50.0,0.4
2349,400.0,-400.0,25.0,0.6
2350,-400.0,300.0,175.0,0.2
2351,100.0,-100.0,150.0,0.6
2352,-300.0,-100.0,125.0,0.8
2353,-400.0,-400.0,100.0,0.6
2354,300.0,100.0,50.0,0.6
2355,200.0,400.0,175.0,0.2
2356,-100.0,0.0,125.0,0.2
2357,0.0,-200.0,25.0,0.8
2358,0.0,-200.0,125.0,0.8
2359,0.0,-400.0,50.0,0.8
2360,-100.0,-200.0,100.0,1.0
2361,400.0,100.0,100.0,0.6
2362,300.0,-200.0,175.0,0.8
2363,-300.0,100.0,25.0,0.6
2364,200.0,100.0,150.0,0.6
2365,200.0,100.0,150.0,0.4
2366,0.0,-200.0,50.0,0.2
2367,200.0,0.0,75.0,1.0
2368,200.0,300.0,75.0,1.0
2369,100.0,100.0,175.0,0.8
2370,100.0,-400.0,175.0,0.6
2371,300.0,-400.0,75.0,1.0
2372,-200.0,400.0,150.0,0.6
2373,200.0,0.0,100.0,0.8
2374,-200.0,-400.0,125.0,1.0
2375,-200.0,400.0,25.0,1.0
2376,300.0,-200.0,75.0,0.8
2377,0.0,200.0,150.0,0.4
2378,100.0,-100.0,125.0,0.8
2379,200.0,-100.0,25.0,0.6
2380,-300.0,100.0,125.0,0.2
2381,-200.0,-400.0,125.0,0.8
2382,400.0,100.0,100.0,0.8
2383,-300.0,300.0,125.0,1.0
2384,400.0,-100.0,100.0,0.4
2385,-300.0,200.0,125.0,0.8
2386,400.0,400.0,100.0,0.6
2387,100.0,-300.0,25.0,0.2
2388,200.0,100.0,125.0,0.4
2389,400.0,-100.0,75.0,0.4
2390,-300.0,100.0,25.0,0.4
2391,100.0,400.0,50.0,1.0
2392,200.0,400.0,175.0,0.8
2393,-100.0,-400.0,125.0,0.8
2394,400.0,-200.0,50.0,0.8
2395,400.0,-100.0,150.0,0.8
2396,400.0,-400.0,25.0,0.8
2397,-300.0,0.0,175.0,0.4
2398,100.0,200.0,175.0,0.4
2399,300.0,300.0,150.0,0.2
2400,300.0,200.0,175.0,0.6
2401,-400.0,-400.0,175.0,0.8
2402,-300.0,300.0,50.0,0.4
2403,0.0,300.0,100.0,0.8
2404,-200.0,-100.0,50.0,0.6
2405,100.0,100.0,175.0,0.6
2406,-300.0,300.0,150.0,1.0
2407,300.0,200.0,175.0,0.2
2408,200.0,0.0,125.0,0.4
2409,100.0,400.0,175.0,0.6
2410,-400.0,200.0,75.0,0.6
2411,200.0,300.0,50.0,0.2
2412,300.0,-400.0,100.0,1.0
2413,100.0,-300.0,100.0,0.8
2414,-200.0,-300.0,175.0,0.4
2415,-100.0,-100.0,75.0,0.6
2416,400.0,200.0,25.0,0.6
2417,400.0,-400.0,75.0,0.6
2418,-300.0,300.0,75.0,0.2
2419,-300.0,100.0,125.0,0.4
2420,-200.0,-100.0,75.0,0.4
2421,-100.0,300.0,25.0,1.0
2422,-200.0,-200.0,125.0,0.4
2423,300.0,400.0,50.0,0.8
2424,300.0,0.0,100.0,0.6
2425,-300.0,-200.0,175.0,0.6
2426,-300.0,-100.0,125.0,0.6
2427,0.0,-400.0,125.0,0.6
2428,-400.0,400.0,150.0,0.4
2429,-100.0,0.0,150.0,1.0
2430,100.0,100.0,75.0,0.6
2431,200.0,100.0,125.0,0.8
2432,400.0,0.0,25.0,0.2
2433,400.0,0.0,150.0,0.8
2434,400.0,0.0,50.0,1.0
2435,0.0,0.0,125.0,0.6
2436,0.0,-400.0,175.0,0.2
2437,200.0,-300.0,175.0,0.4
2438,200.0,-400.0,150.0,0.2
2439,300.0,-400.0,25.0,0.6
2440,-200.0,-300.0,25.0,0.6
2441,-200.0,-400.0,50.0,0.2
2442,100.0,0.0,175.0,0.8
2443,-400.0,400.0,100.0,0.2
2444,0.0,-300.0,175.0,0.2
2445,100.0,-400.0,125.0,0.4
2446,-400.0,400.0,150.0,1.0
2447,-100.0,400.0,150.0,0.2
2448,200.0,400.0,125.0,0.6
2449,-300.0,-400.0,100.0,0.2
2450,0.0,-100.0,100.0,0.4
2451,-100.0,100.0,25.0,0.6
2452,-400.0,-200.0,100.0,0.4
2453,200.0,-300.0,75.0,0.8
2454,-200.0,0.0,175.0,0.2
2455,-400.0,300.0,150.0,0.4
2456,-200.0,200.0,125.0,0.4
2457,400.0,-200.0,150.0,0.4
2458,100.0,-300.0,125.0,0.6
2459,0.0,200.0,125.0,0.8
2460,-400.0,200.0,75.0,0.2
2461,400.0,400.0,25.0,1.0
2462,400.0,200.0,125.0,0.4
2463,-300.0,-200.0,125.0,0.4
2464,-400.0,0.0,175.0,1.0
2465,-100.0,0.0,50.0,0.8
2466,-100.0,0.0,125.0,0.4
2467,0.0,-400.0,25.0,0.2
2468,-200.0,-200.0,75.0,0.8
2469,0.0,200.0,75.0,1.0
2470,0.0,-400.0,175.0,0.6
2471,0.0,-400.0,100.0,0.2
2472,-400.0,0.0,50.0,0.4
2473,-200.0,400.0,25.0,0.8
2474,-200.0,300.0,125.0,0.6
2475,-100.0,-200.0,100.0,0.4
2476,400.0,300.0,100.0,0.2
2477,400.0,100.0,175.0,0.8
2478,0.0,300.0,75.0,0.8
2479,-300.0,200.0,150.0,0.4
2480,-300.0,-300.0,75.0,0.2
2481,300.0,-100.0,75.0,0.8
2482,0.0,300.0,25.0,0.2
2483,100.0,200.0,75.0,0.8
2484,200.0,-100.0,25.0,0.8
2485,400.0,-200.0,175.0,0.8
2486,-100.0,0.0,75.0,0.6
2487,400.0,-200.0,75.0,0.8
2488,0.0,200.0,75.0,0.6
2489,0.0,-100.0,50.0,1.0
2490,300.0,-400.0,150.0,0.6
2491,-400.0,-400.0,150.0,0.8
2492,-300.0,200.0,100.0,0.6
2493,-100.0,0.0,50.0,0.4
2494,-100.0,0.0,75.0,0.8
2495,-100.0,-300.0,125.0,0.4
2496,-400.0,100.0,25.0,0.2
2497,-300.0,-100.0,100.0,0.6
2498,-200.0,0.0,175.0,0.4
2499,0.0,0.0,25.0,0.4
2500,200.0,300.0,75.0,0.8
2501,-200.0,200.0,25.0,0.4
2502,-400.0,-400.0,100.0,0.2
2503,-200.0,0.0,175.0,1.0
2504,200.0,-100.0,100.0,0.2
2505,-400.0,100.0,125.0,0.2
2506,-100.0,-300.0,175.0,1.0
2507,-200.0,-100.0,175.0,0.8
2508,100.0,-300.0,150.0,1.0
2509,200.0,-300.0,25.0,0.8
2510,-200.0,-300.0,50.0,0.2
2511,-300.0,-400.0,150.0,0.4
2512,-400.0,100.0,50.0,0.4
2513,-400.0,400.0,150.0,0.8
2514,-300.0,100.0,125.0,0.8
2515,400.0,-100.0,125.0,0.4
2516,-200.0,0.0,75.0,0.6
2517,-300.0,0.0,150.0,0.2
2518,-200.0,-300.0,175.0,0.2
2519,400.0,-100.0,25.0,0.6
2520,200.0,400.0,50.0,1.0
2521,-100.0,-100.0,125.0,1.0
2522,-100.0,-200.0,25.0,0.8
2523,-300.0,200.0,75.0,1.0
2524,-100.0,-100.0,150.0,0.8
2525,400.0,400.0,100.0,0.8
2526,100.0,0.0,75.0,0.2
2527,100.0,-400.0,100.0,0.2
2528,-100.0,-200.0,50.0,0.2
2529,-200.0,200.0,125.0,1.0
2530,-200.0,-100.0,50.0,0.4
2531,300.0,-300.0,125.0,0.4
2532,-300.0,0.0,100.0,0.2
2533,100.0,0.0,25.0,0.2
2534,-100.0,100.0,50.0,1.0
2535,200.0,-200.0,25.0,0.6
2536,0.0,-100.0,175.0,0.8
2537,0.0,-300.0,125.0,0.2
2538,200.0,0.0,75.0,0.2
2539,-100.0,0.0,175.0,1.0
2540,-100.0,-100.0,100.0,0.2
2541,300.0,400.0,25.0,0.8
2542,300.0,-400.0,25.0,1.0
2543,200.0,0.0,100.0,0.2
2544,200.0,400.0,50.0,0.2
2545,100.0,400.0,125.0,0.8
2546,-300.0,-100.0,175.0,0.2
2547,-400.0,-400.0,150.0,0.4
2548,-100.0,300.0,175.0,0.4
2549,100.0,400.0,100.0,1.0
2550,-300.0,-200.0,150.0,0.8
2551,-100.0,100.0,175.0,0.4
2552,100.0,0.0,75.0,0.8
2553,400.0,300.0,150.0,1.0
2554,100.0,-400.0,100.0,0.6
2555,-100.0,-400.0,25.0,1.0
2556,400.0,-300.0,150.0,0.8
2557,300.0,0.0,175.0,0.6
2558,100.0,-100.0,150.0,0.2
2559,100.0,400.0,175.0,0.2
2560,-300.0,400.0,100.0,0.8
2561,-400.0,-200.0,100.0,0.2
2562,-300.0,-100.0,50.0,0.2
2563,0.0,-400.0,100.0,1.0
2564,-300.0,0.0,175.0,0.6
2565,300.0,300.0,25.0,0.2
2566,-100.0,-100.0,125.0,0.4
2567,-200.0,-100.0,175.0,0.2
2568,100.0,0.0,175.0,0.6
2569,100.0,-200.0,150.0,1.0
2570,400.0,400.0,150.0,0.6
2571,-200.0,200.0,175.0,0.6
2572,400.0,-200.0,25.0,0.8
2573,300.0,300.0,100.0,0.6
2574,0.0,200.0,100.0,0.4
2575,-400.0,200.0,25.0,1.0
2576,400.0,-100.0,150.0,1.0
2577,0.0,100.0,125.0,0.6
2578,200.0,-400.0,150.0,0.8
2579,-400.0,-200.0,100.0,0.8
2580,-200.0,200.0,50.0,0.6
2581,-400.0,100.0,75.0,0.2
2582,400.0,0.0,125.0,1.0
2583,-100.0,100.0,150.0,0.6
2584,0.0,-400.0,150.0,0.2
2585,-200.0,-100.0,125.0,0.8
2586,200.0,-100.0,25.0,0.2
2587,-100.0,-200.0,175.0,0.2
2588,300.0,-400.0,25.0,0.4
2589,-200.0,400.0,75.0,0.8
2590,-400.0,-300.0,150.0,0.6
2591,100.0,-200.0,175.0,0.4
2592,0.0,100.0,50.0,0.6
2593,0.0,-100.0,175.0,0.2
2594,200.0,200.0,175.0,0.8
2595,300.0,0.0,25.0,0.4
2596,100.0,-400.0,75.0,0.8
2597,200.0,-300.0,125.0,0.4
2598,-100.0,-200.0,175.0,1.0
2599,-300.0,-300.0,175.0,0.4
2600,100.0,300.0,50.0,0.4
2601,300.0,300.0,50.0,1.0
2602,-200.0,0.0,50.0,0.2
2603,400.0,400.0,175.0,0.4
2604,200.0,400.0,75.0,0.8
2605,0.0,0.0,100.0,0.6
2606,-300.0,-100.0,75.0,0.8
2607,-300.0,-100.0,175.0,0.8
2608,-100.0,200.0,50.0,0.6
2609,-300.0,100.0,50.0,0.8
2610,-300.0,-200.0,50.0,0.8
2611,300.0,0.0,25.0,0.8
2612,200.0,-300.0,100.0,0.4
2613,0.0,100.0,75.0,0.8
2614,400.0,200.0,150.0,0.4
2615,-300.0,100.0,150.0,0.4
2616,400.0,0.0,25.0,0.8
2617,-200.0,-300.0,50.0,0.8
2618,300.0,300.0,50.0,0.8
2619,-100.0,0.0,25.0,0.4
2620,200.0,-200.0,25.0,0.8
2621,200.0,100.0,75.0,0.6
2622,400.0,0.0,150.0,0.4
2623,-300.0,-400.0,100.0,0.8
2624,100.0,300.0,100.0,0.4
2625,0.0,0.0,75.0,1.0
2626,-400.0,400.0,125.0,0.8
2627,-100.0,400.0,150.0,1.0
2628,-300.0,300.0,50.0,1.0
2629,-100.0,400.0,125.0,0.4
2630,-400.0,-400.0,150.0,1.0
2631,-200.0,-300.0,75.0,0.2
2632,400.0,-200.0,25.0,0.4
2633,100.0,100.0,50.0,0.8
2634,300.0,-200.0,25.0,1.0
2635,-100.0,-300.0,25.0,0.8
2636,-100.0,300.0,125.0,0.2
2637,-300.0,200.0,25.0,0.6
2638,200.0,-400.0,100.0,0.6
2639,-200.0,100.0,175.0,0.6
2640,-300.0,-400.0,25.0,0.6
2641,-300.0,0.0,50.0,0.6
2642,-100.0,-300.0,175.0,0.8
2643,300.0,400.0,75.0,0.2
2644,-100.0,0.0,125.0,1.0
2645,-200.0,0.0,25.0,0.2
2646,0.0,300.0,150.0,0.4
2647,-200.0,-200.0,25.0,1.0
2648,400.0,200.0,100.0,0.6
2649,-200.0,100.0,100.0,0.2
2650,300.0,100.0,150.0,1.0
2651,300.0,400.0,75.0,0.8
2652,-300.0,0.0,100.0,0.6
2653,400.0,-400.0,150.0,0.2
2654,-200.0,100.0,175.0,1.0
2655,-100.0,-400.0,100.0,1.0
2656,-100.0,400.0,25.0,0.8
2657,300.0,400.0,175.0,0.4
2658,300.0,-100.0,175.0,0.8
2659,400.0,-400.0,125.0,0.6
2660,300.0,100.0,125.0,0.2
2661,-100.0,100.0,150.0,0.2
2662,-300.0,300.0,25.0,0.4
2663,-200.0,400.0,100.0,1.0
2664,400.0,400.0,125.0,0.4
2665,-100.0,300.0,125.0,1.0
2666,100.0,100.0,75.0,0.2
2667,400.0,200.0,75.0,0.6
2668,-300.0,-200.0,75.0,0.8
2669,0.0,300.0,175.0,0.8
2670,-300.0,300.0,50.0,0.8
2671,-200.0,0.0,25.0,1.0
2672,-400.0,0.0,50.0,0.2
2673,-100.0,-200.0,75.0,0.4
2674,-400.0,-200.0,175.0,0.2
2675,-300.0,0.0,125.0,1.0
2676,0.0,-400.0,125.0,0.8
2677,400.0,-300.0,50.0,0.4
2678,300.0,200.0,25.0,1.0
2679,200.0,-400.0,75.0,0.6
2680,-200.0,0.0,175.0,0.6
2681,400.0,200.0,150.0,0.8
2682,0.0,-200.0,75.0,0.8
2683,-200.0,-100.0,25.0,0.6
2684,0.0,100.0,50.0,0.8
2685,400.0,0.0,100.0,0.4
2686,200.0,0.0,25.0,0.6
2687,100.0,400.0,50.0,0.2
2688,-400.0,100.0,125.0,0.6
2689,300.0,100.0,50.0,1.0
2690,100.0,100.0,100.0,0.6
2691,300.0,300.0,100.0,0.2
2692,-300.0,300.0,125.0,0.4
2693,-400.0,-100.0,175.0,1.0
2694,200.0,400.0,100.0,0.6
2695,-400.0,100.0,125.0,0.8
2696,200.0,400.0,150.0,0.8
2697,100.0,-200.0,50.0,0.6
2698,300.0,-200.0,125.0,1.0
2699,-200.0,-100.0,150.0,0.8
2700,-100.0,0.0,175.0,0.8
2701,-200.0,400.0,175.0,0.6
2702,-200.0,200.0,125.0,0.8
2703,-200.0,-200.0,175.0,0.6
2704,-100.0,400.0,100.0,0.6
2705,200.0,-300.0,50.0,0.4
2706,-400.0,-400.0,175.0,0.2
2707,400.0,100.0,50.0,1.0
2708,400.0,-100.0,25.0,1.0
2709,-100.0,-400.0,75.0,0.2
2710,-300.0,-400.0,50.0,1.0
2711,-300.0,0.0,125.0,0.2
2712,-300.0,-400.0,175.0,0.8
2713,-400.0,200.0,75.0,1.0
2714,-400.0,-200.0,150.0,0.4
2715,300.0,100.0,150.0,0.6
2716,0.0,-200.0,100.0,0.8
2717,100.0,-200.0,100.0,0.4
2718,300.0,300.0,50.0,0.6
2719,-200.0,-200.0,50.0,0.2
2720,100.0,400.0,100.0,0.6
2721,-400.0,200.0,25.0,0.8
2722,300.0,200.0,50.0,0.4
2723,300.0,-300.0,100.0,0.4
2724,300.0,400.0,25.0,0.2
2725,-300.0,100.0,50.0,0.6
2726,300.0,-200.0,125.0,0.8
2727,0.0,-300.0,75.0,0.6
2728,300.0,-300.0,100.0,0.6
2729,-200.0,100.0,25.0,0.4
2730,-400.0,300.0,100.0,0.6
2731,300.0,-300.0,175.0,0.6
2732,-400.0,400.0,125.0,1.0
2733,-200.0,-400.0,50.0,0.4
2734,200.0,0.0,125.0,1.0
2735,200.0,200.0,175.0,0.2
2736,0.0,-200.0,175.0,0.2
2737,-200.0,-100.0,150.0,1.0
2738,-200.0,-200.0,25.0,0.8
2739,100.0,400.0,150.0,1.0
2740,300.0,-200.0,175.0,1.0
2741,-200.0,300.0,25.0,0.8
2742,-400.0,-100.0,75.0,0.6
2743,-300.0,300.0,75.0,0.8
2744,300.0,0.0,150.0,1.0
2745,-300.0,0.0,150.0,0.6
2746,-100.0,300.0,150.0,0.6
2747,0.0,-300.0,100.0,0.6
2748,-400.0,-200.0,175.0,1.0
2749,0.0,-300.0,75.0,1.0
2750,200.0,0.0,50.0,0.4
2751,400.0,-100.0,25.0,0.4
2752,-100.0,-100.0,100.0,1.0
2753,400.0,-300.0,125.0,0.4
2754,400.0,300.0,125.0,0.4
2755,100.0,-300.0,25.0,0.8
2756,-200.0,-200.0,75.0,0.6
2757,-100.0,-200.0,25.0,0.6
2758,300.0,-300.0,125.0,0.6
2759,-100.0,300.0,150.0,0.2
2760,-400.0,-400.0,175.0,0.4
2761,200.0,400.0,100.0,0.2
2762,100.0,300.0,50.0,0.8
2763,200.0,-300.0,50.0,0.8
2764,300.0,-300.0,25.0,0.8
2765,-300.0,100.0,75.0,0.6
2766,400.0,-400.0,75.0,0.8
2767,400.0,-100.0,175.0,0.6
2768,0.0,-200.0,100.0,0.2
2769,100.0,200.0,50.0,0.8
2770,0.0,100.0,150.0,1.0
2771,-200.0,-300.0,50.0,0.6
2772,300.0,-400.0,175.0,0.6
2773,200.0,-300.0,125.0,0.8
2774,0.0,-300.0,25.0,0.6
2775,-100.0,400.0,25.0,0.6
2776,-200.0,-300.0,175.0,1.0
2777,0.0,-100.0,150.0,0.2
2778,-200.0,400.0,125.0,0.4
2779,300.0,400.0,175.0,0.2
2780,300.0,-100.0,150.0,0.4
2781,-400.0,-300.0,150.0,0.4
2782,400.0,-200.0,150.0,0.6
2783,-200.0,-300.0,100.0,0.8
2784,-200.0,300.0,150.0,0.6
2785,-400.0,100.0,75.0,1.0
2786,-200.0,300.0,150.0,0.2
2787,200.0,200.0,100.0,0.6
2788,-300.0,300.0,175.0,1.0
2789,300.0,200.0,125.0,1.0
2790,0.0,100.0,75.0,0.4
2791,200.0,-300.0,50.0,0.6
2792,-400.0,400.0,175.0,0.6
2793,100.0,-400.0,150.0,0.8
2794,200.0,-400.0,75.0,0.2
2795,200.0,200.0,50.0,1.0
2796,-400.0,-400.0,150.0,0.2
2797,-100.0,0.0,50.0,0.2
2798,100.0,100.0,125.0,0.6
2799,100.0,-200.0,100.0,0.6
