0.jpg,1
1.jpg,5
2.jpg,3
4.jpg,1
7.jpg,5
8.jpg,0
9.jpg,3
10.jpg,2
12.jpg,3
13.jpg,2
15.jpg,2
16.jpg,4
17.jpg,4
18.jpg,2
19.jpg,3
20.jpg,5
21.jpg,5
23.jpg,0
24.jpg,2
26.jpg,3
27.jpg,5
29.jpg,3
31.jpg,3
32.jpg,4
33.jpg,3
34.jpg,4
35.jpg,3
36.jpg,3
37.jpg,3
39.jpg,3
40.jpg,2
41.jpg,0
42.jpg,4
43.jpg,2
44.jpg,4
45.jpg,3
46.jpg,0
47.jpg,1
48.jpg,0
49.jpg,0
50.jpg,3
53.jpg,1
54.jpg,2
55.jpg,1
56.jpg,3
57.jpg,2
58.jpg,4
59.jpg,5
60.jpg,2
62.jpg,5
65.jpg,5
66.jpg,1
67.jpg,2
68.jpg,2
71.jpg,4
74.jpg,3
75.jpg,2
78.jpg,5
80.jpg,3