{ "modelId" : "MDL_b8ae1d92_9e9e_4151_9a55_28dd345a0795", "jobId" : "b8ae1d92_9e9e_4151_9a55_28dd345a0795", "userId" : "accu_expert01", "hdfsModelPath" : "hdfs://10.42.240.89:8020/tmp/model/MDL_b8ae1d92_9e9e_4151_9a55_28dd345a0795", "cluster" : "expert01-231710", "columnsSchema" : "StringType,IntegerType,StringType,IntegerType,StringType,StringType,IntegerType","columnsName" : "user_id,age,category,price,group,style,age_group", "modelName" : "shop_model", "modelDesc" : "model using shopping mall data", "outputColumnsName" : "group_encoded,style_encoded,predict_age_group", "label" : "age_group", "labelSchema" : "IntegerType", "jsonData" : {"savingDataset":{"name":"","path":"","description":"","cluster":"","selectedColumns":"","credential":{"endpointUrl":"","accessKey":"","secretKey":""}},"project":{"id":"Tab1","name":"shop_pipeline"},"cluster":"expert01-231710","livyServerPort":"http://10.42.240.89:8999","graph":{"nodes":[{"id":"01","name":"DataSet","properties":[{"key":"datasetID","value":"DS_174ebb5a_c12a_4845_86cc_4dbe6e84f4c8"}]},{"id":"logicProp1","name":"OneHotEncoder","properties":[{"key":"input","value":"group,style"},{"key":"output","value":"group_encoded,style_encoded"},{"key":"dropLast","value":"true"}]},{"id":"logicProp2","name":"RandomForestClassifier","properties":[{"key":"automodel","value":"false"},{"key":"input","value":"category,price,group_encoded,style_encoded"},{"key":"output","value":"predict_age_group"},{"key":"label","value":"age_group"},{"key":"splitWeight","value":"0.7"},{"key":"maxCategory","value":"20"},{"key":"impurity","value":"gini"},{"key":"maxBins","value":"32"},{"key":"maxDepth","value":"5"},{"key":"numTrees","value":"20"},{"key":"seed","value":"2"},{"key":"subSamplingRate","value":"1.0"},{"key":"strategy","value":"auto"},{"key":"thresholds","value":""},{"key":"validationSetPath","value":""}]}],"edges":[{"source":"01","target":"logicProp1"},{"source":"logicProp1","target":"logicProp2"}]},"savingModel":{"name":"shop_model","path":"hdfs://10.42.240.89:8020/tmp/model","description":"model using shopping mall data","cluster":"expert01-231710","credential":{"endpointUrl":"","accessKey":"","secretKey":""}},"userId":"accu_expert01"}, "accessKey" : "", "secretKey" : "", "endpointUrl" : "", "createDt" : "20191024190721"}